-- MySQL Administrator dump 1.4
--
-- ------------------------------------------------------
-- Server version	5.7.30


/*!40101 SET @OLD_CHARACTER_SET_CLIENT=@@CHARACTER_SET_CLIENT */;
/*!40101 SET @OLD_CHARACTER_SET_RESULTS=@@CHARACTER_SET_RESULTS */;
/*!40101 SET @OLD_COLLATION_CONNECTION=@@COLLATION_CONNECTION */;
/*!40101 SET NAMES utf8 */;

/*!40014 SET @OLD_UNIQUE_CHECKS=@@UNIQUE_CHECKS, UNIQUE_CHECKS=0 */;
/*!40014 SET @OLD_FOREIGN_KEY_CHECKS=@@FOREIGN_KEY_CHECKS, FOREIGN_KEY_CHECKS=0 */;
/*!40101 SET @OLD_SQL_MODE=@@SQL_MODE, SQL_MODE='NO_AUTO_VALUE_ON_ZERO' */;


--
-- Create schema ecell
--

CREATE DATABASE IF NOT EXISTS ecell;
USE ecell;

--
-- Definition of table `tb_admin`
--

DROP TABLE IF EXISTS `tb_admin`;
CREATE TABLE `tb_admin` (
  `id` int(10) unsigned NOT NULL AUTO_INCREMENT COMMENT 'ID',
  `login_id` varchar(30) COLLATE utf8_bin NOT NULL,
  `pwd` varchar(30) COLLATE utf8_bin NOT NULL,
  `name` varchar(30) COLLATE utf8_bin NOT NULL,
  `status` int(10) unsigned NOT NULL DEFAULT '0',
  `token` varchar(30) COLLATE utf8_bin NOT NULL DEFAULT '' COMMENT 'token',
  `session_id` varchar(64) COLLATE utf8_bin NOT NULL DEFAULT '' COMMENT 'sessionId',
  PRIMARY KEY (`id`)
) ENGINE=InnoDB AUTO_INCREMENT=3 DEFAULT CHARSET=utf8 COLLATE=utf8_bin;

--
-- Dumping data for table `tb_admin`
--

/*!40000 ALTER TABLE `tb_admin` DISABLE KEYS */;
INSERT INTO `tb_admin` (`id`,`login_id`,`pwd`,`name`,`status`,`token`,`session_id`) VALUES 
 (1,0x61646D696E,0x737461726372616674406563656C6C23313233,0x61646D696E,0,0x31353938353230353039353834,0x4445343634303643443538433834454141304137434632434334463042413836),
 (2,0x7363646C,0x3838343437393636,0x61646D696E6973747261746F72,0,0x31353938343634343236323539,0x3633424332333030454439413343313231373336303139333744433642303141);
/*!40000 ALTER TABLE `tb_admin` ENABLE KEYS */;


--
-- Definition of table `tb_ditu`
--

DROP TABLE IF EXISTS `tb_ditu`;
CREATE TABLE `tb_ditu` (
  `id` int(10) unsigned NOT NULL AUTO_INCREMENT COMMENT '主键ID',
  `name` varchar(64) COLLATE utf8_bin NOT NULL COMMENT '名称',
  PRIMARY KEY (`id`)
) ENGINE=InnoDB AUTO_INCREMENT=13 DEFAULT CHARSET=utf8 COLLATE=utf8_bin;

--
-- Dumping data for table `tb_ditu`
--

/*!40000 ALTER TABLE `tb_ditu` DISABLE KEYS */;
INSERT INTO `tb_ditu` (`id`,`name`) VALUES 
 (1,0xE5B08FE4BB99E5A5B3),
 (2,0xE4BA91E6A2AF),
 (3,0xE8A180E5B2AD),
 (4,0xE8A792E69697E5A3AB),
 (5,0xE5AE88E69C9BE58588E9948B),
 (6,0xE69697E9AD82),
 (7,0xE696ADE8B7AFE599A8),
 (8,0xE8B59BE782B9),
 (9,0xE68B89E69BBCE69FA5),
 (10,0xE697A5E89A80),
 (11,0xE6B0B4E89E85),
 (12,0xE694B6E88EB7E9A38EE69AB4);
/*!40000 ALTER TABLE `tb_ditu` ENABLE KEYS */;


--
-- Definition of table `tb_match`
--

DROP TABLE IF EXISTS `tb_match`;
CREATE TABLE `tb_match` (
  `id` int(10) unsigned NOT NULL AUTO_INCREMENT COMMENT '主键ID',
  `season_id` int(10) unsigned NOT NULL COMMENT '赛季ID',
  `schedule_id` int(10) unsigned NOT NULL COMMENT '赛程ID',
  `set_id` int(10) unsigned NOT NULL COMMENT '场次ID',
  `game_id` int(10) unsigned NOT NULL COMMENT '对局ID',
  `map_id` int(10) unsigned DEFAULT NULL COMMENT '地图ID',
  `race_day` varchar(45) COLLATE utf8_bin DEFAULT NULL COMMENT '比赛日期',
  `pa_id` int(10) unsigned DEFAULT NULL COMMENT 'A选手ID',
  `pb_id` int(10) unsigned DEFAULT NULL COMMENT 'B选手ID',
  `pa_race` varchar(45) COLLATE utf8_bin DEFAULT NULL COMMENT 'A选手种族',
  `pb_race` varchar(45) COLLATE utf8_bin DEFAULT NULL COMMENT 'B选手种族',
  `duration` varchar(45) COLLATE utf8_bin DEFAULT NULL COMMENT '比赛时长',
  `winner` int(10) unsigned DEFAULT NULL COMMENT '胜利方',
  PRIMARY KEY (`id`)
) ENGINE=InnoDB AUTO_INCREMENT=481 DEFAULT CHARSET=utf8 COLLATE=utf8_bin;

--
-- Dumping data for table `tb_match`
--

/*!40000 ALTER TABLE `tb_match` DISABLE KEYS */;
INSERT INTO `tb_match` (`id`,`season_id`,`schedule_id`,`set_id`,`game_id`,`map_id`,`race_day`,`pa_id`,`pb_id`,`pa_race`,`pb_race`,`duration`,`winner`) VALUES 
 (1,1,1,1,1,5,0x323032302D30352D3231,1,2,0x5A,0x50,0x353139,1),
 (2,1,1,1,2,1,0x323032302D30352D3231,1,2,0x5A,0x50,0x373432,1),
 (3,1,1,1,3,NULL,0x323032302D30352D3231,1,2,0x5A,0x50,0x30,0),
 (4,1,1,2,1,5,0x323032302D30352D3231,4,3,0x50,0x5A,0x31323031,1),
 (5,1,1,2,2,1,0x323032302D30352D3231,4,3,0x50,0x5A,0x333938,2),
 (6,1,1,2,3,6,0x323032302D30352D3231,4,3,0x50,0x5A,0x363735,2),
 (7,1,1,3,1,9,0x323032302D30352D3231,1,3,0x5A,0x5A,0x343639,2),
 (8,1,1,3,2,3,0x323032302D30352D3231,1,3,0x5A,0x5A,0x353036,2),
 (9,1,1,3,3,NULL,0x323032302D30352D3231,1,3,0x5A,0x5A,0x30,0),
 (10,1,1,4,1,9,0x323032302D30352D3231,2,4,0x50,0x50,0x343830,1),
 (11,1,1,4,2,3,0x323032302D30352D3231,2,4,0x50,0x50,0x343831,2),
 (12,1,1,4,3,7,0x323032302D30352D3231,2,4,0x50,0x50,0x363735,2),
 (13,1,1,5,1,8,0x323032302D30352D3231,1,4,0x5A,0x50,0x393431,2),
 (14,1,1,5,2,4,0x323032302D30352D3231,1,4,0x5A,0x50,0x31323538,2),
 (15,1,1,5,3,NULL,0x323032302D30352D3231,1,4,0x5A,0x50,0x30,0),
 (16,1,2,1,1,5,0x323032302D30352D3232,5,6,0x54,0x50,0x393631,1),
 (17,1,2,1,2,1,0x323032302D30352D3232,5,6,0x54,0x50,0x31303831,1),
 (18,1,2,1,3,NULL,0x323032302D30352D3232,5,6,0x54,0x50,0x30,0),
 (19,1,2,2,1,5,0x323032302D30352D3232,7,8,0x50,0x50,0x363933,1),
 (20,1,2,2,2,1,0x323032302D30352D3232,7,8,0x50,0x50,0x363238,2),
 (21,1,2,2,3,6,0x323032302D30352D3232,7,8,0x50,0x50,0x373431,1),
 (22,1,2,3,1,9,0x323032302D30352D3232,5,7,0x54,0x50,0x373331,1),
 (23,1,2,3,2,3,0x323032302D30352D3232,5,7,0x54,0x50,0x343432,2),
 (24,1,2,3,3,7,0x323032302D30352D3232,5,7,0x54,0x50,0x353630,1),
 (25,1,2,4,1,9,0x323032302D30352D3232,6,8,0x50,0x50,0x383536,2),
 (26,1,2,4,2,3,0x323032302D30352D3232,6,8,0x50,0x50,0x353433,2),
 (27,1,2,4,3,NULL,0x323032302D30352D3232,6,8,0x50,0x50,0x30,0),
 (28,1,2,5,1,8,0x323032302D30352D3232,7,8,0x50,0x50,0x393338,1),
 (29,1,2,5,2,4,0x323032302D30352D3232,7,8,0x50,0x50,0x383336,2),
 (30,1,2,5,3,1,0x323032302D30352D3232,7,8,0x50,0x50,0x353532,1),
 (31,1,3,1,1,5,0x323032302D30352D3234,9,10,0x5A,0x50,0x383936,2),
 (32,1,3,1,2,1,0x323032302D30352D3234,9,10,0x5A,0x50,0x363436,1),
 (33,1,3,1,3,6,0x323032302D30352D3234,9,10,0x5A,0x50,0x31323033,2),
 (34,1,3,2,1,5,0x323032302D30352D3234,11,12,0x54,0x5A,0x323039,1),
 (35,1,3,2,2,1,0x323032302D30352D3234,11,12,0x54,0x5A,0x343838,1),
 (36,1,3,2,3,NULL,0x323032302D30352D3234,11,12,0x54,0x5A,0x30,0),
 (37,1,3,3,1,9,0x323032302D30352D3234,10,11,0x50,0x54,0x353230,1),
 (38,1,3,3,2,3,0x323032302D30352D3234,10,11,0x50,0x54,0x333239,1),
 (39,1,3,3,3,NULL,0x323032302D30352D3234,10,11,0x50,0x54,0x30,0),
 (40,1,3,4,1,7,0x323032302D30352D3234,12,9,0x5A,0x5A,0x353531,2),
 (41,1,3,4,2,3,0x323032302D30352D3234,12,9,0x5A,0x5A,0x333734,2),
 (42,1,3,4,3,NULL,0x323032302D30352D3234,12,9,0x5A,0x5A,0x30,0),
 (43,1,3,5,1,8,0x323032302D30352D3234,11,9,0x54,0x5A,0x31303737,1),
 (44,1,3,5,2,4,0x323032302D30352D3234,11,9,0x54,0x5A,0x363331,1),
 (45,1,3,5,3,NULL,0x323032302D30352D3234,11,9,0x54,0x5A,0x30,0),
 (46,1,4,1,1,5,0x323032302D30352D3235,13,14,0x5A,0x50,0x31333835,1),
 (47,1,4,1,2,1,0x323032302D30352D3235,13,14,0x5A,0x50,0x393930,2),
 (48,1,4,1,3,6,0x323032302D30352D3235,13,14,0x5A,0x50,0x353738,1),
 (49,1,4,2,1,5,0x323032302D30352D3235,16,15,0x50,0x5A,0x353332,2),
 (50,1,4,2,2,1,0x323032302D30352D3235,16,15,0x50,0x5A,0x343039,2),
 (51,1,4,2,3,NULL,0x323032302D30352D3235,16,15,0x50,0x5A,0x30,0),
 (52,1,4,3,1,9,0x323032302D30352D3235,13,15,0x54,0x5A,0x383839,1),
 (53,1,4,3,2,3,0x323032302D30352D3235,13,15,0x54,0x5A,0x333333,2),
 (54,1,4,3,3,7,0x323032302D30352D3235,13,15,0x54,0x5A,0x343838,2),
 (55,1,4,4,1,9,0x323032302D30352D3235,14,16,0x50,0x50,0x343132,2),
 (56,1,4,4,2,3,0x323032302D30352D3235,14,16,0x50,0x50,0x373936,2),
 (57,1,4,4,3,NULL,0x323032302D30352D3235,14,16,0x50,0x50,0x30,0),
 (58,1,4,5,1,8,0x323032302D30352D3235,16,13,0x50,0x5A,0x373038,1),
 (59,1,4,5,2,4,0x323032302D30352D3235,16,13,0x50,0x52,0x31313732,1),
 (60,1,4,5,3,NULL,0x323032302D30352D3235,16,13,0x50,0x52,0x30,0),
 (61,1,6,1,1,2,0x323032302D30352D3237,3,16,0x5A,0x50,0x373233,1),
 (62,1,6,1,2,3,0x323032302D30352D3237,3,16,0x5A,0x50,0x31353639,2),
 (63,1,6,1,3,7,0x323032302D30352D3237,3,16,0x5A,0x50,0x393235,2),
 (64,1,6,1,4,1,0x323032302D30352D3237,3,16,0x5A,0x50,0x31303131,2),
 (65,1,6,1,5,8,0x323032302D30352D3237,3,16,0x5A,0x50,0x31303236,2),
 (66,1,6,1,6,NULL,0x323032302D30352D3237,3,16,0x5A,0x50,0x30,0),
 (67,1,6,1,7,NULL,0x323032302D30352D3237,3,16,0x5A,0x50,0x30,0),
 (68,1,7,1,1,2,0x323032302D30352D3238,4,10,0x50,0x50,0x373636,1),
 (69,1,7,1,2,3,0x323032302D30352D3238,4,10,0x50,0x50,0x363134,1),
 (70,1,7,1,3,7,0x323032302D30352D3238,4,10,0x50,0x50,0x353933,1),
 (71,1,7,1,4,1,0x323032302D30352D3238,4,10,0x50,0x50,0x353732,1),
 (72,1,7,1,5,NULL,0x323032302D30352D3238,4,10,0x50,0x50,0x30,0),
 (73,1,7,1,6,NULL,0x323032302D30352D3238,4,10,0x50,0x50,0x30,0),
 (74,1,7,1,7,NULL,0x323032302D30352D3238,4,10,0x50,0x50,0x30,0),
 (75,1,8,1,1,2,0x323032302D30352D3238,5,11,0x54,0x54,0x343031,1),
 (76,1,8,1,2,3,0x323032302D30352D3238,5,11,0x54,0x54,0x383437,1),
 (77,1,8,1,3,1,0x323032302D30352D3238,5,11,0x54,0x54,0x383639,1),
 (78,1,8,1,4,7,0x323032302D30352D3238,5,11,0x54,0x54,0x313336,1),
 (79,1,8,1,5,NULL,0x323032302D30352D3238,5,11,0x54,0x54,0x30,0),
 (80,1,8,1,6,NULL,0x323032302D30352D3238,5,11,0x54,0x54,0x30,0),
 (81,1,8,1,7,NULL,0x323032302D30352D3238,5,11,0x54,0x54,0x30,0),
 (82,1,5,1,1,2,0x323032302D30352D3236,7,15,0x50,0x5A,0x383035,2),
 (83,1,5,1,2,3,0x323032302D30352D3236,7,15,0x50,0x5A,0x393434,2),
 (84,1,5,1,3,7,0x323032302D30352D3236,7,15,0x50,0x5A,0x383630,1),
 (85,1,5,1,4,1,0x323032302D30352D3236,7,15,0x50,0x5A,0x343835,2),
 (86,1,5,1,5,4,0x323032302D30352D3236,7,15,0x50,0x5A,0x363236,2),
 (87,1,5,1,6,NULL,0x323032302D30352D3236,7,15,0x50,0x5A,0x30,0),
 (88,1,5,1,7,NULL,0x323032302D30352D3236,7,15,0x50,0x5A,0x30,0),
 (89,1,9,1,1,6,0x323032302D30352D3239,16,15,0x50,0x5A,0x31313830,2),
 (90,1,9,1,2,5,0x323032302D30352D3239,16,15,0x50,0x5A,0x31313036,2),
 (91,1,9,1,3,2,0x323032302D30352D3239,16,15,0x50,0x5A,0x313930,2),
 (92,1,9,1,4,1,0x323032302D30352D3239,16,15,0x50,0x5A,0x353630,2),
 (93,1,9,1,5,NULL,0x323032302D30352D3239,16,15,0x50,0x5A,0x30,0),
 (94,1,9,1,6,NULL,0x323032302D30352D3239,16,15,0x50,0x5A,0x30,0),
 (95,1,9,1,7,NULL,0x323032302D30352D3239,16,15,0x50,0x5A,0x30,0),
 (96,1,10,1,1,6,0x323032302D30352D3239,4,5,0x50,0x54,0x31333934,1),
 (97,1,10,1,2,5,0x323032302D30352D3239,4,5,0x50,0x54,0x31303634,1),
 (98,1,10,1,3,2,0x323032302D30352D3239,4,5,0x50,0x54,0x373336,1),
 (99,1,10,1,4,1,0x323032302D30352D3239,4,5,0x50,0x54,0x353432,2),
 (100,1,10,1,5,9,0x323032302D30352D3239,4,5,0x50,0x54,0x31313838,2),
 (101,1,10,1,6,3,0x323032302D30352D3239,4,5,0x50,0x54,0x31303530,1),
 (102,1,10,1,7,NULL,0x323032302D30352D3239,4,5,0x50,0x54,0x30,0),
 (103,1,11,1,1,6,0x323032302D30352D3331,16,5,0x50,0x54,0x31323438,2),
 (104,1,11,1,2,8,0x323032302D30352D3331,16,5,0x50,0x54,0x393331,1),
 (105,1,11,1,3,2,0x323032302D30352D3331,16,5,0x50,0x54,0x31323730,1),
 (106,1,11,1,4,7,0x323032302D30352D3331,16,5,0x50,0x54,0x393731,2),
 (107,1,11,1,5,1,0x323032302D30352D3331,16,5,0x50,0x54,0x363133,2),
 (108,1,11,1,6,5,0x323032302D30352D3331,16,5,0x50,0x54,0x383931,2),
 (109,1,11,1,7,9,0x323032302D30352D3331,16,5,0x50,0x54,0x353638,2),
 (110,1,11,1,8,NULL,0x323032302D30352D3331,16,5,0x50,0x54,0x30,0),
 (111,1,11,1,9,NULL,0x323032302D30352D3331,16,5,0x50,0x54,0x30,0),
 (112,1,12,1,1,6,0x323032302D30362D3031,4,15,0x50,0x5A,0x31303230,1),
 (113,1,12,1,2,8,0x323032302D30362D3031,4,15,0x50,0x5A,0x353535,1),
 (114,1,12,1,3,2,0x323032302D30362D3031,4,15,0x50,0x5A,0x31333032,1),
 (115,1,12,1,4,1,0x323032302D30362D3031,4,15,0x50,0x5A,0x373933,1),
 (116,1,12,1,5,7,0x323032302D30362D3031,4,15,0x50,0x5A,0x363835,2),
 (117,1,12,1,6,5,0x323032302D30362D3031,4,15,0x50,0x5A,0x393131,2),
 (118,1,12,1,7,9,0x323032302D30362D3031,4,15,0x50,0x5A,0x383536,1),
 (119,1,12,1,8,NULL,0x323032302D30362D3031,4,15,0x50,0x5A,0x30,0),
 (120,1,12,1,9,NULL,0x323032302D30362D3031,4,15,0x50,0x5A,0x30,0),
 (121,1,13,1,1,7,0x323032302D30362D3032,3,17,0x5A,0x54,0x373933,1),
 (122,1,13,1,2,1,0x323032302D30362D3032,3,17,0x5A,0x54,0x353232,2),
 (123,1,13,1,3,6,0x323032302D30362D3032,3,17,0x5A,0x54,0x363334,1),
 (124,1,13,2,1,7,0x323032302D30362D3032,11,18,0x54,0x54,0x31303431,2),
 (125,1,13,2,2,1,0x323032302D30362D3032,11,18,0x54,0x54,0x31363734,2),
 (126,1,13,2,3,NULL,0x323032302D30362D3032,11,18,0x54,0x54,0x30,0),
 (127,1,13,3,1,9,0x323032302D30362D3032,3,18,0x5A,0x54,0x30,2),
 (128,1,13,3,2,3,0x323032302D30362D3032,3,18,0x5A,0x54,0x333037,1),
 (129,1,13,3,3,7,0x323032302D30362D3032,3,18,0x5A,0x54,0x31323634,2),
 (130,1,13,4,1,9,0x323032302D30362D3032,11,17,0x54,0x54,0x31333134,1),
 (131,1,13,4,2,3,0x323032302D30362D3032,11,17,0x54,0x54,0x31383333,2),
 (132,1,13,4,3,7,0x323032302D30362D3032,11,17,0x54,0x54,0x31393935,1),
 (133,1,13,5,1,3,0x323032302D30362D3032,3,11,0x5A,0x54,0x363437,1),
 (134,1,13,5,2,6,0x323032302D30362D3032,3,11,0x5A,0x54,0x363330,1),
 (135,1,13,5,3,NULL,0x323032302D30362D3032,3,11,0x5A,0x54,0x30,0),
 (136,1,14,1,1,7,0x323032302D30362D3034,4,19,0x50,0x5A,0x31303933,1),
 (137,1,14,1,2,1,0x323032302D30362D3034,4,19,0x50,0x5A,0x31383830,2),
 (138,1,14,1,3,6,0x323032302D30362D3034,4,19,0x50,0x5A,0x323338,2),
 (139,1,14,2,1,7,0x323032302D30362D3034,16,20,0x50,0x50,0x363137,2),
 (140,1,14,2,2,1,0x323032302D30362D3034,16,20,0x50,0x50,0x363838,2),
 (141,1,14,2,3,NULL,0x323032302D30362D3034,16,20,0x50,0x50,0x30,0),
 (142,1,14,3,1,9,0x323032302D30362D3034,19,20,0x5A,0x50,0x31383530,1),
 (143,1,14,3,2,3,0x323032302D30362D3034,19,20,0x5A,0x50,0x31393930,2),
 (144,1,14,3,3,7,0x323032302D30362D3034,19,20,0x5A,0x50,0x343130,1),
 (145,1,14,4,1,9,0x323032302D30362D3034,4,16,0x50,0x50,0x333838,1),
 (146,1,14,4,2,3,0x323032302D30362D3034,4,16,0x50,0x50,0x353230,1),
 (147,1,14,4,3,NULL,0x323032302D30362D3034,4,16,0x50,0x50,0x30,0),
 (148,1,14,5,1,3,0x323032302D30362D3034,4,20,0x50,0x50,0x31303031,2),
 (149,1,14,5,2,6,0x323032302D30362D3034,4,20,0x50,0x50,0x333736,2),
 (150,1,14,5,3,NULL,0x323032302D30362D3034,4,20,0x50,0x50,0x30,0),
 (151,1,15,1,1,7,0x323032302D30362D3035,15,21,0x5A,0x50,0x31353132,2),
 (152,1,15,1,2,1,0x323032302D30362D3035,15,21,0x5A,0x50,0x333839,1),
 (153,1,15,1,3,6,0x323032302D30362D3035,15,21,0x5A,0x50,0x393539,2),
 (154,1,15,2,1,7,0x323032302D30362D3035,10,22,0x50,0x54,0x31303735,1),
 (155,1,15,2,2,1,0x323032302D30362D3035,10,22,0x50,0x54,0x393338,1),
 (156,1,15,2,3,NULL,0x323032302D30362D3035,10,22,0x50,0x54,0x30,0),
 (157,1,15,3,1,9,0x323032302D30362D3035,10,21,0x50,0x50,0x343937,1),
 (158,1,15,3,2,3,0x323032302D30362D3035,10,21,0x50,0x50,0x333038,2),
 (159,1,15,3,3,7,0x323032302D30362D3035,10,21,0x50,0x50,0x353635,2),
 (160,1,15,4,1,9,0x323032302D30362D3035,15,22,0x5A,0x54,0x31343639,1),
 (161,1,15,4,2,3,0x323032302D30362D3035,15,22,0x5A,0x54,0x31383335,2),
 (162,1,15,4,3,7,0x323032302D30362D3035,15,22,0x5A,0x54,0x31343639,2),
 (163,1,15,5,1,3,0x323032302D30362D3035,10,22,0x50,0x54,0x353738,2),
 (164,1,15,5,2,6,0x323032302D30362D3035,10,22,0x50,0x54,0x31313732,1),
 (165,1,15,5,3,1,0x323032302D30362D3035,10,22,0x50,0x54,0x363033,2),
 (166,1,16,1,1,7,0x323032302D30362D3037,5,23,0x54,0x50,0x31363235,2),
 (167,1,16,1,2,1,0x323032302D30362D3037,5,23,0x54,0x50,0x31343938,2),
 (168,1,16,1,3,NULL,0x323032302D30362D3037,5,23,0x54,0x50,0x30,0),
 (169,1,16,2,1,7,0x323032302D30362D3037,7,24,0x50,0x50,0x373538,1),
 (170,1,16,2,2,1,0x323032302D30362D3037,7,24,0x50,0x50,0x353532,2),
 (171,1,16,2,3,6,0x323032302D30362D3037,7,24,0x50,0x50,0x31323832,2),
 (172,1,16,3,1,9,0x323032302D30362D3037,23,24,0x50,0x50,0x343036,2),
 (173,1,16,3,2,3,0x323032302D30362D3037,23,24,0x50,0x50,0x353035,1),
 (174,1,16,3,3,7,0x323032302D30362D3037,23,24,0x50,0x50,0x363633,2),
 (175,1,16,4,1,9,0x323032302D30362D3037,5,7,0x54,0x50,0x343839,1),
 (176,1,16,4,2,3,0x323032302D30362D3037,5,7,0x54,0x50,0x343631,1),
 (177,1,16,4,3,NULL,0x323032302D30362D3037,5,7,0x54,0x50,0x30,0),
 (178,1,16,5,1,3,0x323032302D30362D3037,5,23,0x54,0x50,0x31393233,2),
 (179,1,16,5,2,6,0x323032302D30362D3037,5,23,0x54,0x50,0x343738,1),
 (180,1,16,5,3,1,0x323032302D30362D3037,5,23,0x54,0x50,0x333838,1),
 (181,1,17,1,1,2,0x323032302D30362D3038,3,21,0x5A,0x50,0x373435,1),
 (182,1,17,1,2,3,0x323032302D30362D3038,3,21,0x5A,0x50,0x383837,1),
 (183,1,17,1,3,7,0x323032302D30362D3038,3,21,0x5A,0x50,0x383531,2),
 (184,1,17,1,4,1,0x323032302D30362D3038,3,21,0x5A,0x50,0x343133,1),
 (185,1,17,1,5,4,0x323032302D30362D3038,3,21,0x5A,0x50,0x31303733,2),
 (186,1,17,1,6,8,0x323032302D30362D3038,3,21,0x5A,0x50,0x353230,1),
 (187,1,17,1,7,NULL,0x323032302D30362D3038,3,21,0x5A,0x50,0x30,0),
 (188,1,18,1,1,2,0x323032302D30362D3038,24,20,0x50,0x50,0x333138,1),
 (189,1,18,1,2,3,0x323032302D30362D3038,24,20,0x50,0x50,0x383337,1),
 (190,1,18,1,3,7,0x323032302D30362D3038,24,20,0x50,0x50,0x393032,1),
 (191,1,18,1,4,1,0x323032302D30362D3038,24,20,0x50,0x50,0x323936,2),
 (192,1,18,1,5,4,0x323032302D30362D3038,24,20,0x50,0x50,0x373232,2),
 (193,1,18,1,6,8,0x323032302D30362D3038,24,20,0x50,0x50,0x31363636,2),
 (194,1,18,1,7,9,0x323032302D30362D3038,24,20,0x50,0x50,0x393337,1),
 (195,1,19,1,1,2,0x323032302D30362D3039,5,19,0x54,0x5A,0x383231,1),
 (196,1,19,1,2,3,0x323032302D30362D3039,5,19,0x54,0x5A,0x31333930,2),
 (197,1,19,1,3,7,0x323032302D30362D3039,5,19,0x54,0x5A,0x383737,1),
 (198,1,19,1,4,1,0x323032302D30362D3039,5,19,0x54,0x5A,0x31343832,1),
 (199,1,19,1,5,4,0x323032302D30362D3039,5,19,0x54,0x5A,0x373033,2),
 (200,1,19,1,6,8,0x323032302D30362D3039,5,19,0x54,0x5A,0x31333931,1),
 (201,1,19,1,7,NULL,0x323032302D30362D3039,5,19,0x54,0x5A,0x30,0),
 (202,1,20,1,1,2,0x323032302D30362D3039,18,22,0x54,0x54,0x32313332,1),
 (203,1,20,1,2,3,0x323032302D30362D3039,18,22,0x54,0x54,0x323031,2),
 (204,1,20,1,3,7,0x323032302D30362D3039,18,22,0x54,0x54,0x373934,2),
 (205,1,20,1,4,1,0x323032302D30362D3039,18,22,0x54,0x54,0x33323338,1),
 (206,1,20,1,5,4,0x323032302D30362D3039,18,22,0x54,0x54,0x383338,1),
 (207,1,20,1,6,8,0x323032302D30362D3039,18,22,0x54,0x54,0x32333137,2),
 (208,1,20,1,7,9,0x323032302D30362D3039,18,22,0x54,0x54,0x31313431,1),
 (209,1,21,1,1,6,0x323032302D30362D3132,3,24,0x5A,0x50,0x393639,2),
 (210,1,21,1,2,5,0x323032302D30362D3132,3,24,0x5A,0x50,0x363539,1),
 (211,1,21,1,3,2,0x323032302D30362D3132,3,24,0x5A,0x50,0x393631,2),
 (212,1,21,1,4,1,0x323032302D30362D3132,3,24,0x5A,0x50,0x31313037,2),
 (213,1,21,1,5,9,0x323032302D30362D3132,3,24,0x5A,0x50,0x383336,2),
 (214,1,21,1,6,NULL,0x323032302D30362D3132,3,24,0x5A,0x50,0x30,0),
 (215,1,21,1,7,NULL,0x323032302D30362D3132,3,24,0x5A,0x50,0x30,0),
 (216,1,22,1,1,6,0x323032302D30362D3132,5,18,0x54,0x54,0x32313935,2),
 (217,1,22,1,2,5,0x323032302D30362D3132,5,18,0x54,0x54,0x31323537,2),
 (218,1,22,1,3,2,0x323032302D30362D3132,5,18,0x54,0x54,0x31333635,2),
 (219,1,22,1,4,1,0x323032302D30362D3132,5,18,0x54,0x54,0x31333534,1),
 (220,1,22,1,5,9,0x323032302D30362D3132,5,18,0x54,0x54,0x393434,1),
 (221,1,22,1,6,3,0x323032302D30362D3132,5,18,0x54,0x54,0x31303937,2),
 (222,1,22,1,7,NULL,0x323032302D30362D3132,5,18,0x54,0x54,0x30,0),
 (223,1,23,1,1,6,0x323032302D30362D3134,3,5,0x5A,0x54,0x31343431,2),
 (224,1,23,1,2,8,0x323032302D30362D3134,3,5,0x5A,0x54,0x393936,1),
 (225,1,23,1,3,2,0x323032302D30362D3134,3,5,0x5A,0x54,0x373837,1),
 (226,1,23,1,4,7,0x323032302D30362D3134,3,5,0x5A,0x54,0x31303137,2),
 (227,1,23,1,5,1,0x323032302D30362D3134,3,5,0x5A,0x54,0x373138,2),
 (228,1,23,1,6,5,0x323032302D30362D3134,3,5,0x5A,0x54,0x363633,1),
 (229,1,23,1,7,9,0x323032302D30362D3134,3,5,0x5A,0x54,0x393431,2),
 (230,1,23,1,8,3,0x323032302D30362D3134,3,5,0x5A,0x54,0x363933,2),
 (231,1,23,1,9,NULL,0x323032302D30362D3134,3,5,0x5A,0x54,0x30,0),
 (232,1,24,1,1,6,0x323032302D30362D3135,18,24,0x54,0x50,0x393930,2),
 (233,1,24,1,2,8,0x323032302D30362D3135,18,24,0x54,0x50,0x353635,1),
 (234,1,24,1,3,2,0x323032302D30362D3135,18,24,0x54,0x50,0x31363337,2),
 (235,1,24,1,4,7,0x323032302D30362D3135,18,24,0x54,0x50,0x31343534,2),
 (236,1,24,1,5,1,0x323032302D30362D3135,18,24,0x54,0x50,0x31303437,2),
 (237,1,24,1,6,5,0x323032302D30362D3135,18,24,0x54,0x50,0x313936,2),
 (238,1,24,1,7,NULL,0x323032302D30362D3135,18,24,0x54,0x50,0x30,0),
 (239,1,24,1,8,NULL,0x323032302D30362D3135,18,24,0x54,0x50,0x30,0),
 (240,1,24,1,9,NULL,0x323032302D30362D3135,18,24,0x54,0x50,0x30,0),
 (241,2,25,1,1,10,0x323032302D30372D3330,5,9,0x54,0x5A,0x353134,1),
 (242,2,25,1,2,1,0x323032302D30372D3330,5,9,0x54,0x5A,0x313737,1),
 (243,2,25,1,3,NULL,0x323032302D30372D3330,5,9,0x54,0x5A,0x30,0),
 (244,2,25,2,1,10,0x323032302D30372D3330,16,25,0x50,0x5A,0x393136,1),
 (245,2,25,2,2,1,0x323032302D30372D3330,16,25,0x50,0x5A,0x363230,1),
 (246,2,25,2,3,NULL,0x323032302D30372D3330,16,25,0x50,0x5A,0x30,0),
 (247,2,25,3,1,10,0x323032302D30372D3330,5,16,0x54,0x50,0x353935,1),
 (248,2,25,3,2,1,0x323032302D30372D3330,5,16,0x54,0x50,0x31323735,1),
 (249,2,25,3,3,NULL,0x323032302D30372D3330,5,16,0x54,0x50,0x30,0),
 (250,2,25,4,1,10,0x323032302D30372D3330,9,25,0x5A,0x5A,0x30,1),
 (251,2,25,4,2,1,0x323032302D30372D3330,9,25,0x5A,0x5A,0x353734,2),
 (252,2,25,4,3,11,0x323032302D30372D3330,9,25,0x5A,0x5A,0x333339,2),
 (253,2,25,5,1,10,0x323032302D30372D3330,16,25,0x50,0x5A,0x363430,1),
 (254,2,25,5,2,11,0x323032302D30372D3330,16,25,0x50,0x5A,0x373039,1),
 (255,2,25,5,3,NULL,0x323032302D30372D3330,16,25,0x50,0x5A,0x30,0),
 (256,2,26,1,1,10,0x323032302D30372D3331,3,26,0x5A,0x50,0x353830,1),
 (257,2,26,1,2,1,0x323032302D30372D3331,3,26,0x5A,0x50,0x333036,1),
 (258,2,26,1,3,NULL,0x323032302D30372D3331,3,26,0x5A,0x50,0x30,0),
 (259,2,26,2,1,10,0x323032302D30372D3331,7,27,0x50,0x50,0x363330,1),
 (260,2,26,2,2,1,0x323032302D30372D3331,7,27,0x50,0x50,0x353333,1),
 (261,2,26,2,3,NULL,0x323032302D30372D3331,7,27,0x50,0x50,0x30,0),
 (262,2,26,3,1,10,0x323032302D30372D3331,3,7,0x5A,0x50,0x393331,2),
 (263,2,26,3,2,1,0x323032302D30372D3331,3,7,0x5A,0x50,0x31343531,2),
 (264,2,26,3,3,NULL,0x323032302D30372D3331,3,7,0x5A,0x50,0x30,0),
 (265,2,26,4,1,NULL,'',NULL,NULL,NULL,NULL,0x30,0),
 (266,2,26,4,2,NULL,'',NULL,NULL,NULL,NULL,0x30,0),
 (267,2,26,4,3,NULL,'',NULL,NULL,NULL,NULL,0x30,0),
 (268,2,26,5,1,10,0x323032302D30372D3331,3,26,0x5A,0x50,0x343130,1),
 (269,2,26,5,2,1,0x323032302D30372D3331,3,26,0x5A,0x50,0x333238,1),
 (270,2,26,5,3,NULL,0x323032302D30372D3331,3,26,0x5A,0x50,0x30,0),
 (271,2,27,1,1,10,0x323032302D30382D3033,10,14,0x50,0x50,0x373439,1),
 (272,2,27,1,2,1,0x323032302D30382D3033,10,14,0x50,0x50,0x333636,2),
 (273,2,27,1,3,11,0x323032302D30382D3033,10,14,0x50,0x50,0x353133,2),
 (274,2,27,2,1,10,0x323032302D30382D3033,28,29,0x54,0x5A,0x373538,2),
 (275,2,27,2,2,1,0x323032302D30382D3033,28,29,0x54,0x5A,0x393737,2),
 (276,2,27,2,3,NULL,0x323032302D30382D3033,28,29,0x54,0x5A,0x30,0),
 (277,2,27,3,1,10,0x323032302D30382D3033,14,29,0x50,0x5A,0x383131,2),
 (278,2,27,3,2,1,0x323032302D30382D3033,14,29,0x50,0x5A,0x31323337,1),
 (279,2,27,3,3,11,0x323032302D30382D3033,14,29,0x50,0x5A,0x373332,2),
 (280,2,27,4,1,10,0x323032302D30382D3033,28,10,0x54,0x50,0x363335,2),
 (281,2,27,4,2,1,0x323032302D30382D3033,28,10,0x54,0x50,0x31343135,1),
 (282,2,27,4,3,11,0x323032302D30382D3033,28,10,0x54,0x50,0x31313138,1),
 (283,2,27,5,1,10,0x323032302D30382D3033,14,28,0x50,0x54,0x31323833,1),
 (284,2,27,5,2,1,0x323032302D30382D3033,14,28,0x50,0x54,0x31323837,2),
 (285,2,27,5,3,11,0x323032302D30382D3033,14,28,0x50,0x54,0x32333036,1),
 (286,2,28,1,1,10,0x323032302D30382D3034,4,8,0x50,0x50,0x31303134,1),
 (287,2,28,1,2,1,0x323032302D30382D3034,4,8,0x50,0x50,0x363538,1),
 (288,2,28,1,3,NULL,0x323032302D30382D3034,4,8,0x50,0x50,0x30,0),
 (289,2,28,2,1,10,0x323032302D30382D3034,1,30,0x5A,0x50,0x363739,1),
 (290,2,28,2,2,1,0x323032302D30382D3034,1,30,0x5A,0x50,0x31303431,1),
 (291,2,28,2,3,NULL,0x323032302D30382D3034,1,30,0x5A,0x50,0x30,0),
 (292,2,28,3,1,10,0x323032302D30382D3034,1,4,0x5A,0x50,0x393731,1),
 (293,2,28,3,2,1,0x323032302D30382D3034,1,4,0x5A,0x50,0x31303139,2),
 (294,2,28,3,3,11,0x323032302D30382D3034,1,4,0x5A,0x50,0x393032,2),
 (295,2,28,4,1,10,0x323032302D30382D3034,8,30,0x50,0x50,0x343637,1),
 (296,2,28,4,2,1,0x323032302D30382D3034,8,30,0x50,0x50,0x383432,2),
 (297,2,28,4,3,11,0x323032302D30382D3034,8,30,0x50,0x50,0x353437,1),
 (298,2,28,5,1,10,0x323032302D30382D3034,8,1,0x50,0x5A,0x383530,2),
 (299,2,28,5,2,1,0x323032302D30382D3034,8,1,0x50,0x5A,0x383932,2),
 (300,2,28,5,3,NULL,0x323032302D30382D3034,8,1,0x50,0x5A,0x30,0),
 (301,2,29,1,1,8,0x323032302D30382D3036,4,16,0x50,0x50,0x383134,2),
 (302,2,29,1,2,6,0x323032302D30382D3036,4,16,0x50,0x50,0x373730,1),
 (303,2,29,1,3,1,0x323032302D30382D3036,4,16,0x50,0x50,0x353335,2),
 (304,2,29,1,4,10,0x323032302D30382D3036,4,16,0x50,0x50,0x31303838,2),
 (305,2,29,1,5,11,0x323032302D30382D3036,4,16,0x50,0x50,0x393232,2),
 (306,2,29,1,6,NULL,0x323032302D30382D3036,4,16,0x50,0x50,0x30,0),
 (307,2,29,1,7,NULL,0x323032302D30382D3036,4,16,0x50,0x50,0x30,0),
 (308,2,30,1,1,8,0x323032302D30382D3036,3,29,0x5A,0x5A,0x393732,1),
 (309,2,30,1,2,6,0x323032302D30382D3036,3,29,0x5A,0x5A,0x333235,2),
 (310,2,30,1,3,1,0x323032302D30382D3036,3,29,0x5A,0x5A,0x383539,1),
 (311,2,30,1,4,10,0x323032302D30382D3036,3,29,0x5A,0x5A,0x373132,1),
 (312,2,30,1,5,11,0x323032302D30382D3036,3,29,0x5A,0x5A,0x383835,1),
 (313,2,30,1,6,NULL,0x323032302D30382D3036,3,29,0x5A,0x5A,0x30,0),
 (314,2,30,1,7,NULL,0x323032302D30382D3036,3,29,0x5A,0x5A,0x30,0),
 (315,2,31,1,1,8,0x323032302D30382D3037,1,7,0x5A,0x50,0x31303134,2),
 (316,2,31,1,2,6,0x323032302D30382D3037,1,7,0x5A,0x50,0x363931,2),
 (317,2,31,1,3,1,0x323032302D30382D3037,1,7,0x5A,0x50,0x363039,1),
 (318,2,31,1,4,10,0x323032302D30382D3037,1,7,0x5A,0x50,0x31323334,1),
 (319,2,31,1,5,11,0x323032302D30382D3037,1,7,0x5A,0x50,0x373430,1),
 (320,2,31,1,6,12,0x323032302D30382D3037,1,7,0x5A,0x50,0x343830,1),
 (321,2,31,1,7,NULL,0x323032302D30382D3037,1,7,0x5A,0x50,0x30,0),
 (322,2,32,1,1,8,0x323032302D30382D3037,5,14,0x54,0x50,0x353339,2),
 (323,2,32,1,2,6,0x323032302D30382D3037,5,14,0x54,0x50,0x393633,2),
 (324,2,32,1,3,1,0x323032302D30382D3037,5,14,0x54,0x50,0x353839,1),
 (325,2,32,1,4,10,0x323032302D30382D3037,5,14,0x54,0x50,0x373534,1),
 (326,2,32,1,5,11,0x323032302D30382D3037,5,14,0x54,0x50,0x31333633,1),
 (327,2,32,1,6,12,0x323032302D30382D3037,5,14,0x54,0x50,0x31333337,1),
 (328,2,32,1,7,NULL,0x323032302D30382D3037,5,14,0x54,0x50,0x30,0),
 (329,2,33,1,1,5,0x323032302D30382D3039,3,16,0x5A,0x50,0x31343037,1),
 (330,2,33,1,2,6,0x323032302D30382D3039,3,16,0x5A,0x50,0x31303636,1),
 (331,2,33,1,3,1,0x323032302D30382D3039,3,16,0x5A,0x50,0x31373834,2),
 (332,2,33,1,4,10,0x323032302D30382D3039,3,16,0x5A,0x50,0x31323730,2),
 (333,2,33,1,5,2,0x323032302D30382D3039,3,16,0x5A,0x50,0x393930,2),
 (334,2,33,1,6,12,0x323032302D30382D3039,3,16,0x5A,0x50,0x363739,1),
 (335,2,33,1,7,11,0x323032302D30382D3039,3,16,0x5A,0x50,0x363931,1),
 (336,2,34,1,1,5,0x323032302D30382D3039,1,5,0x5A,0x54,0x31333637,2),
 (337,2,34,1,2,6,0x323032302D30382D3039,1,5,0x5A,0x54,0x31353034,2),
 (338,2,34,1,3,1,0x323032302D30382D3039,1,5,0x5A,0x54,0x353635,2),
 (339,2,34,1,4,10,0x323032302D30382D3039,1,5,0x5A,0x54,0x31313330,2),
 (340,2,34,1,5,NULL,0x323032302D30382D3039,1,5,0x5A,0x54,0x30,0),
 (341,2,34,1,6,NULL,0x323032302D30382D3039,1,5,0x5A,0x54,0x30,0),
 (342,2,34,1,7,NULL,0x323032302D30382D3039,1,5,0x5A,0x54,0x30,0),
 (343,2,35,1,1,10,0x323032302D30382D3130,1,16,0x5A,0x50,0x373139,1),
 (344,2,35,1,2,11,0x323032302D30382D3130,1,16,0x5A,0x50,0x373338,2),
 (345,2,35,1,3,12,0x323032302D30382D3130,1,16,0x5A,0x50,0x31323039,2),
 (346,2,35,1,4,5,0x323032302D30382D3130,1,16,0x5A,0x50,0x343435,1),
 (347,2,35,1,5,6,0x323032302D30382D3130,1,16,0x5A,0x50,0x31313034,1),
 (348,2,35,1,6,1,0x323032302D30382D3130,1,16,0x5A,0x50,0x373135,1),
 (349,2,35,1,7,7,0x323032302D30382D3130,1,16,0x5A,0x50,0x31313932,2),
 (350,2,35,1,8,8,0x323032302D30382D3130,1,16,0x5A,0x50,0x383439,2),
 (351,2,35,1,9,2,0x323032302D30382D3130,1,16,0x5A,0x50,0x31323937,1),
 (352,2,36,1,1,10,0x323032302D30382D3132,5,3,0x54,0x5A,0x31333639,1),
 (353,2,36,1,2,11,0x323032302D30382D3132,5,3,0x54,0x5A,0x363336,1),
 (354,2,36,1,3,12,0x323032302D30382D3132,5,3,0x54,0x5A,0x373733,1),
 (355,2,36,1,4,5,0x323032302D30382D3132,5,3,0x54,0x5A,0x353931,2),
 (356,2,36,1,5,6,0x323032302D30382D3132,5,3,0x54,0x5A,0x383434,1),
 (357,2,36,1,6,1,0x323032302D30382D3132,5,3,0x54,0x5A,0x353132,2),
 (358,2,36,1,7,7,0x323032302D30382D3132,5,3,0x54,0x5A,0x373132,1),
 (359,2,36,1,8,NULL,0x323032302D30382D3132,5,3,0x54,0x5A,0x30,0),
 (360,2,36,1,9,NULL,0x323032302D30382D3132,5,3,0x54,0x5A,0x30,0),
 (361,2,37,1,1,10,0x323032302D30382D3133,5,21,0x54,0x50,0x393631,1),
 (362,2,37,1,2,1,0x323032302D30382D3133,5,21,0x54,0x50,0x383538,1),
 (363,2,37,1,3,NULL,0x323032302D30382D3133,5,21,0x54,0x50,0x30,0),
 (364,2,37,2,1,10,0x323032302D30382D3133,16,20,0x50,0x50,0x353231,2),
 (365,2,37,2,2,1,0x323032302D30382D3133,16,20,0x50,0x50,0x363132,2),
 (366,2,37,2,3,NULL,0x323032302D30382D3133,16,20,0x50,0x50,0x30,0),
 (367,2,37,3,1,10,0x323032302D30382D3133,5,20,0x54,0x50,0x31323537,2),
 (368,2,37,3,2,1,0x323032302D30382D3133,5,20,0x54,0x50,0x343334,2),
 (369,2,37,3,3,NULL,0x323032302D30382D3133,5,20,0x54,0x50,0x30,0),
 (370,2,37,4,1,10,0x323032302D30382D3133,16,21,0x50,0x50,0x313930,2),
 (371,2,37,4,2,1,0x323032302D30382D3133,16,21,0x50,0x50,0x353236,2),
 (372,2,37,4,3,NULL,0x323032302D30382D3133,16,21,0x50,0x50,0x30,0),
 (373,2,37,5,1,10,0x323032302D30382D3133,5,21,0x54,0x50,0x31323535,1),
 (374,2,37,5,2,1,0x323032302D30382D3133,5,21,0x54,0x50,0x31323339,1),
 (375,2,37,5,3,NULL,0x323032302D30382D3133,5,21,0x54,0x50,0x30,0),
 (376,2,38,1,1,10,0x323032302D30382D3134,3,32,0x5A,0x5A,0x353233,1),
 (377,2,38,1,2,1,0x323032302D30382D3134,3,32,0x5A,0x5A,0x343230,2),
 (378,2,38,1,3,11,0x323032302D30382D3134,3,32,0x5A,0x5A,0x373238,1),
 (379,2,38,2,1,10,0x323032302D30382D3134,29,31,0x5A,0x5A,0x353030,2),
 (380,2,38,2,2,1,0x323032302D30382D3134,29,31,0x5A,0x5A,0x323737,1),
 (381,2,38,2,3,11,0x323032302D30382D3134,29,31,0x5A,0x5A,0x333235,2),
 (382,2,38,3,1,10,0x323032302D30382D3134,3,31,0x5A,0x5A,0x343335,2),
 (383,2,38,3,2,1,0x323032302D30382D3134,3,31,0x5A,0x5A,0x343737,2),
 (384,2,38,3,3,NULL,0x323032302D30382D3134,3,31,0x5A,0x5A,0x30,0),
 (385,2,38,4,1,10,0x323032302D30382D3134,29,32,0x5A,0x5A,0x343830,2),
 (386,2,38,4,2,1,0x323032302D30382D3134,29,32,0x5A,0x5A,0x343530,2),
 (387,2,38,4,3,NULL,0x323032302D30382D3134,29,32,0x5A,0x5A,0x30,0),
 (388,2,38,5,1,10,0x323032302D30382D3134,3,32,0x5A,0x5A,0x343238,2),
 (389,2,38,5,2,1,0x323032302D30382D3134,3,32,0x5A,0x5A,0x333931,2),
 (390,2,38,5,3,NULL,0x323032302D30382D3134,3,32,0x5A,0x5A,0x30,0),
 (391,2,39,1,1,10,0x323032302D30382D3136,4,34,0x50,0x5A,0x343135,2),
 (392,2,39,1,2,1,0x323032302D30382D3136,4,34,0x50,0x5A,0x31303332,2),
 (393,2,39,1,3,NULL,0x323032302D30382D3136,4,34,0x50,0x5A,0x30,0),
 (394,2,39,2,1,NULL,'',NULL,NULL,NULL,NULL,0x30,0),
 (395,2,39,2,2,NULL,'',NULL,NULL,NULL,NULL,0x30,0),
 (396,2,39,2,3,NULL,'',NULL,NULL,NULL,NULL,0x30,0),
 (397,2,39,3,1,10,0x323032302D30382D3136,33,34,0x50,0x5A,0x363235,1),
 (398,2,39,3,2,1,0x323032302D30382D3136,33,34,0x50,0x5A,0x363439,2),
 (399,2,39,3,3,11,0x323032302D30382D3136,33,34,0x50,0x5A,0x31303937,2),
 (400,2,39,4,1,10,0x323032302D30382D3136,1,4,0x5A,0x50,0x343037,1),
 (401,2,39,4,2,1,0x323032302D30382D3136,1,4,0x5A,0x50,0x373733,2),
 (402,2,39,4,3,11,0x323032302D30382D3136,1,4,0x5A,0x50,0x393532,2),
 (403,2,39,5,1,10,0x323032302D30382D3136,4,33,0x50,0x50,0x343035,2),
 (404,2,39,5,2,1,0x323032302D30382D3136,4,33,0x50,0x50,0x343538,2),
 (405,2,39,5,3,NULL,0x323032302D30382D3136,4,33,0x50,0x50,0x30,0),
 (406,2,40,1,1,10,0x323032302D30382D3137,7,36,0x50,0x54,0x31333533,2),
 (407,2,40,1,2,1,0x323032302D30382D3137,7,36,0x50,0x54,0x353138,1),
 (408,2,40,1,3,11,0x323032302D30382D3137,7,36,0x50,0x54,0x31303239,2),
 (409,2,40,2,1,10,0x323032302D30382D3137,14,35,0x50,0x54,0x31333330,2),
 (410,2,40,2,2,1,0x323032302D30382D3137,14,35,0x50,0x54,0x353839,2),
 (411,2,40,2,3,NULL,0x323032302D30382D3137,14,35,0x50,0x54,0x30,0),
 (412,2,40,3,1,10,0x323032302D30382D3137,35,36,0x54,0x54,0x31353435,1),
 (413,2,40,3,2,1,0x323032302D30382D3137,35,36,0x54,0x54,0x343337,2),
 (414,2,40,3,3,11,0x323032302D30382D3137,35,36,0x54,0x54,0x31343837,2),
 (415,2,40,4,1,10,0x323032302D30382D3137,14,7,0x50,0x50,0x353335,1),
 (416,2,40,4,2,1,0x323032302D30382D3137,14,7,0x50,0x50,0x31323933,1),
 (417,2,40,4,3,NULL,0x323032302D30382D3137,14,7,0x50,0x50,0x30,0),
 (418,2,40,5,1,10,0x323032302D30382D3137,14,35,0x50,0x54,0x31333932,2),
 (419,2,40,5,2,1,0x323032302D30382D3137,14,35,0x50,0x54,0x31323034,2),
 (420,2,40,5,3,NULL,0x323032302D30382D3137,14,35,0x50,0x54,0x30,0),
 (421,2,41,1,1,8,0x323032302D30382D3138,20,32,0x50,0x5A,0x363338,1),
 (422,2,41,1,2,6,0x323032302D30382D3138,20,32,0x50,0x5A,0x343835,1),
 (423,2,41,1,3,1,0x323032302D30382D3138,20,32,0x50,0x5A,0x363538,1),
 (424,2,41,1,4,10,0x323032302D30382D3138,20,32,0x50,0x5A,0x363033,1),
 (425,2,41,1,5,NULL,0x323032302D30382D3138,20,32,0x50,0x5A,0x30,0),
 (426,2,41,1,6,NULL,0x323032302D30382D3138,20,32,0x50,0x5A,0x30,0),
 (427,2,41,1,7,NULL,0x323032302D30382D3138,20,32,0x50,0x5A,0x30,0),
 (428,2,42,1,1,8,0x323032302D30382D3138,35,34,0x54,0x5A,0x343933,1),
 (429,2,42,1,2,6,0x323032302D30382D3138,35,34,0x54,0x5A,0x31303930,1),
 (430,2,42,1,3,1,0x323032302D30382D3138,35,34,0x54,0x5A,0x333834,2),
 (431,2,42,1,4,10,0x323032302D30382D3138,35,34,0x54,0x5A,0x373638,1),
 (432,2,42,1,5,11,0x323032302D30382D3138,35,34,0x54,0x5A,0x31323032,1),
 (433,2,42,1,6,0,0x323032302D30382D3138,35,34,0x54,0x5A,0x30,0),
 (434,2,42,1,7,NULL,0x323032302D30382D3138,35,34,0x54,0x5A,0x30,0),
 (435,2,43,1,1,8,0x323032302D30382D3230,5,36,0x54,0x54,0x393934,2),
 (436,2,43,1,2,6,0x323032302D30382D3230,5,36,0x54,0x54,0x31343334,1),
 (437,2,43,1,3,1,0x323032302D30382D3230,5,36,0x54,0x54,0x31313034,2),
 (438,2,43,1,4,10,0x323032302D30382D3230,5,36,0x54,0x54,0x383730,1),
 (439,2,43,1,5,2,0x323032302D30382D3230,5,36,0x54,0x54,0x363130,2),
 (440,2,43,1,6,12,0x323032302D30382D3230,5,36,0x54,0x54,0x31353236,2),
 (441,2,43,1,7,NULL,0x323032302D30382D3230,5,36,0x54,0x54,0x30,0),
 (442,2,44,1,1,8,0x323032302D30382D3230,31,33,0x5A,0x50,0x393634,1),
 (443,2,44,1,2,6,0x323032302D30382D3230,31,33,0x5A,0x50,0x31323430,1),
 (444,2,44,1,3,1,0x323032302D30382D3230,31,33,0x5A,0x50,0x393635,1),
 (445,2,44,1,4,10,0x323032302D30382D3230,31,33,0x5A,0x50,0x383237,2),
 (446,2,44,1,5,11,0x323032302D30382D3230,31,33,0x5A,0x50,0x31303433,2),
 (447,2,44,1,6,12,0x323032302D30382D3230,31,33,0x5A,0x50,0x31373530,2),
 (448,2,44,1,7,7,0x323032302D30382D3230,31,33,0x5A,0x50,0x393631,1),
 (449,2,45,1,1,10,0x323032302D30382D3234,35,20,0x54,0x50,0x31313833,1),
 (450,2,45,1,2,11,0x323032302D30382D3234,35,20,0x54,0x50,0x32323735,2),
 (451,2,45,1,3,12,0x323032302D30382D3234,35,20,0x54,0x50,0x383334,2),
 (452,2,45,1,4,5,0x323032302D30382D3234,35,20,0x54,0x50,0x31323834,2),
 (453,2,45,1,5,6,0x323032302D30382D3234,35,20,0x54,0x50,0x373139,1),
 (454,2,45,1,6,1,0x323032302D30382D3234,35,20,0x54,0x50,0x31333537,1),
 (455,2,45,1,7,2,0x323032302D30382D3234,35,20,0x54,0x50,0x31323735,1),
 (456,2,46,1,1,5,0x323032302D30382D3234,31,36,0x5A,0x54,0x373734,2),
 (457,2,46,1,2,6,0x323032302D30382D3234,31,36,0x5A,0x54,0x383332,2),
 (458,2,46,1,3,1,0x323032302D30382D3234,31,36,0x5A,0x54,0x323537,1),
 (459,2,46,1,4,10,0x323032302D30382D3234,31,36,0x5A,0x54,0x353835,1),
 (460,2,46,1,5,2,0x323032302D30382D3234,31,36,0x5A,0x54,0x343433,2),
 (461,2,46,1,6,12,0x323032302D30382D3234,31,36,0x5A,0x54,0x31303434,2),
 (462,2,46,1,7,NULL,0x323032302D30382D3234,31,36,0x5A,0x54,0x30,0),
 (463,2,47,1,1,10,0x323032302D30382D3235,20,31,0x50,0x5A,0x31313035,2),
 (464,2,47,1,2,11,0x323032302D30382D3235,20,31,0x50,0x5A,0x343630,2),
 (465,2,47,1,3,12,0x323032302D30382D3235,20,31,0x50,0x5A,0x323735,1),
 (466,2,47,1,4,5,0x323032302D30382D3235,20,31,0x50,0x5A,0x363830,2),
 (467,2,47,1,5,6,0x323032302D30382D3235,20,31,0x50,0x5A,0x31303831,2),
 (468,2,47,1,6,1,0x323032302D30382D3235,20,31,0x50,0x5A,0x353237,2),
 (469,2,47,1,7,NULL,0x323032302D30382D3235,20,31,0x50,0x5A,0x30,0),
 (470,2,47,1,8,NULL,0x323032302D30382D3235,20,31,0x50,0x5A,0x30,0),
 (471,2,47,1,9,NULL,0x323032302D30382D3235,20,31,0x50,0x5A,0x30,0),
 (472,2,48,1,1,10,0x323032302D30382D3236,35,36,0x54,0x54,0x31313739,1),
 (473,2,48,1,2,11,0x323032302D30382D3236,35,36,0x54,0x54,0x33383332,1),
 (474,2,48,1,3,12,0x323032302D30382D3236,35,36,0x54,0x54,0x31323435,1),
 (475,2,48,1,4,5,0x323032302D30382D3236,35,36,0x54,0x54,0x31323635,2),
 (476,2,48,1,5,6,0x323032302D30382D3236,35,36,0x54,0x54,0x343933,1),
 (477,2,48,1,6,1,0x323032302D30382D3236,35,36,0x54,0x54,0x31343533,2),
 (478,2,48,1,7,7,0x323032302D30382D3236,35,36,0x54,0x54,0x32343637,1),
 (479,2,48,1,8,NULL,0x323032302D30382D3236,35,36,0x54,0x54,0x30,0),
 (480,2,48,1,9,NULL,0x323032302D30382D3236,35,36,0x54,0x54,0x30,0);
/*!40000 ALTER TABLE `tb_match` ENABLE KEYS */;


--
-- Definition of table `tb_match_detail`
--

DROP TABLE IF EXISTS `tb_match_detail`;
CREATE TABLE `tb_match_detail` (
  `id` int(10) unsigned NOT NULL AUTO_INCREMENT COMMENT '主键ID',
  `match_id` int(10) unsigned NOT NULL COMMENT '比赛ID',
  `player_id` int(10) unsigned NOT NULL COMMENT '选手ID',
  `duration` int(10) unsigned DEFAULT NULL COMMENT '比赛时长',
  `player_race` varchar(45) COLLATE utf8_bin DEFAULT NULL COMMENT '选手种族',
  `apm` int(10) unsigned DEFAULT NULL COMMENT '本场apm',
  `crystal` int(10) unsigned DEFAULT NULL COMMENT '水晶数',
  `oil` int(10) unsigned DEFAULT NULL COMMENT '油矿数',
  `resource` int(10) unsigned DEFAULT NULL COMMENT '资源数',
  PRIMARY KEY (`id`)
) ENGINE=InnoDB AUTO_INCREMENT=949 DEFAULT CHARSET=utf8 COLLATE=utf8_bin;

--
-- Dumping data for table `tb_match_detail`
--

/*!40000 ALTER TABLE `tb_match_detail` DISABLE KEYS */;
INSERT INTO `tb_match_detail` (`id`,`match_id`,`player_id`,`duration`,`player_race`,`apm`,`crystal`,`oil`,`resource`) VALUES 
 (1,1,1,519,0x5A,342,7866,1536,9402),
 (2,1,2,519,0x50,346,6594,720,7314),
 (3,2,1,742,0x5A,351,11386,3128,14514),
 (4,2,2,742,0x50,363,10546,1656,12202),
 (5,3,1,0,0x5A,0,0,0,0),
 (6,3,2,0,0x50,0,0,0,0),
 (7,4,4,1201,0x50,334,31954,12064,44018),
 (8,4,3,1201,0x5A,254,28078,11418,39496),
 (9,5,4,398,0x50,406,5258,1016,6274),
 (10,5,3,398,0x5A,260,5306,1088,6394),
 (11,6,4,675,0x50,355,12642,3080,15722),
 (12,6,3,675,0x5A,290,11394,2016,13410),
 (13,7,1,469,0x5A,344,3666,1328,4994),
 (14,7,3,469,0x5A,275,4074,1832,5906),
 (15,8,1,506,0x5A,372,3850,1824,5674),
 (16,8,3,506,0x5A,268,3570,2344,5914),
 (17,9,1,0,0x5A,0,0,0,0),
 (18,9,3,0,0x5A,0,0,0,0),
 (19,10,2,480,0x50,292,7450,1584,9034),
 (20,10,4,480,0x50,371,5586,1648,7234),
 (21,11,2,481,0x50,347,5866,1688,7554),
 (22,11,4,481,0x50,397,6578,1800,8378),
 (23,12,2,675,0x50,336,9154,1232,10386),
 (24,12,4,675,0x50,359,12642,2720,15362),
 (25,13,1,941,0x5A,325,18794,5776,24570),
 (26,13,4,941,0x50,352,21538,6376,27914),
 (27,14,1,1258,0x5A,332,33398,11402,44800),
 (28,14,4,1258,0x50,329,29882,9472,39354),
 (29,15,1,0,0x5A,0,0,0,0),
 (30,15,4,0,0x50,0,0,0,0),
 (31,16,5,961,0x54,328,27566,7928,35494),
 (32,16,6,961,0x50,206,26282,7760,34042),
 (33,17,5,1081,0x54,316,35508,8488,43996),
 (34,17,6,1081,0x50,219,37200,8448,45648),
 (35,18,5,0,0x54,0,0,0,0),
 (36,18,6,0,0x50,0,0,0,0),
 (37,19,7,693,0x50,336,13066,2760,15826),
 (38,19,8,693,0x50,259,12666,3808,16474),
 (39,20,7,628,0x50,308,6378,1632,8010),
 (40,20,8,628,0x50,243,5946,1768,7714),
 (41,21,7,741,0x50,314,12410,2752,15162),
 (42,21,8,741,0x50,241,10162,3080,13242),
 (43,22,5,731,0x54,304,13722,3816,17538),
 (44,22,7,731,0x50,314,14482,2720,17202),
 (45,23,5,442,0x54,293,4738,1224,5962),
 (46,23,7,442,0x50,315,5122,1272,6394),
 (47,24,5,560,0x54,307,9858,3024,12882),
 (48,24,7,560,0x50,331,10514,2192,12706),
 (49,25,6,856,0x50,232,17754,5096,22850),
 (50,25,8,856,0x50,218,16430,5104,21534),
 (51,26,6,543,0x50,231,6810,1888,8698),
 (52,26,8,543,0x50,232,5834,1744,7578),
 (53,27,6,0,0x50,0,0,0,0),
 (54,27,8,0,0x50,0,0,0,0),
 (55,28,7,938,0x50,312,19858,6272,26130),
 (56,28,8,938,0x50,236,19106,5352,24458),
 (57,29,7,836,0x50,327,11690,3000,14690),
 (58,29,8,836,0x50,229,14426,4248,18674),
 (59,30,7,552,0x50,343,7538,2144,9682),
 (60,30,8,552,0x50,252,6818,2024,8842),
 (61,31,9,896,0x5A,266,15810,3608,19418),
 (62,31,10,896,0x50,346,19154,4680,23834),
 (63,32,9,646,0x5A,291,8530,1152,9682),
 (64,32,10,646,0x50,350,8562,1184,9746),
 (65,33,9,1203,0x5A,262,24850,7368,32218),
 (66,33,10,1203,0x50,313,24462,7864,32326),
 (67,34,11,209,0x54,302,1682,0,1682),
 (68,34,12,209,0x5A,383,1490,32,1522),
 (69,35,11,488,0x54,339,4714,1608,6322),
 (70,35,12,488,0x5A,329,4914,952,5866),
 (71,36,11,0,0x54,0,0,0,0),
 (72,36,12,0,0x5A,0,0,0,0),
 (73,37,10,520,0x50,341,6530,1968,8498),
 (74,37,11,520,0x54,1040,5400,4706,10106),
 (75,38,10,329,0x50,356,2962,560,3522),
 (76,38,11,329,0x54,348,3186,0,3186),
 (77,39,10,0,0x50,0,0,0,0),
 (78,39,11,0,0x54,0,0,0,0),
 (79,40,12,551,0x5A,358,4914,2072,6986),
 (80,40,9,551,0x5A,280,4674,2696,7370),
 (81,41,12,374,0x5A,374,3034,112,3146),
 (82,41,9,374,0x5A,290,2762,760,3522),
 (83,42,12,0,0x5A,0,0,0,0),
 (84,42,9,0,0x5A,0,0,0,0),
 (85,43,11,1077,0x54,325,17798,4048,21846),
 (86,43,9,1077,0x5A,284,15474,8480,23954),
 (87,44,11,631,0x54,366,9802,1672,11474),
 (88,44,9,631,0x5A,304,6354,3560,9914),
 (89,45,11,0,0x54,0,0,0,0),
 (90,45,9,0,0x5A,0,0,0,0),
 (91,46,13,1385,0x5A,215,34606,11982,46588),
 (92,46,14,1385,0x50,250,32218,11698,43916),
 (93,47,13,990,0x5A,216,23354,7096,30450),
 (94,47,14,990,0x50,262,23174,6880,30054),
 (95,48,13,578,0x5A,231,7242,3008,10250),
 (96,48,14,578,0x50,252,8802,2248,11050),
 (97,49,16,532,0x50,349,9786,2864,12650),
 (98,49,15,532,0x5A,293,8954,2392,11346),
 (99,50,16,409,0x50,397,6130,1140,7270),
 (100,50,15,409,0x5A,274,5162,1120,6282),
 (101,51,16,0,0x50,0,0,0,0),
 (102,51,15,0,0x5A,0,0,0,0),
 (103,52,13,889,0x54,239,17810,5072,22882),
 (104,52,15,889,0x5A,321,14434,7504,21938),
 (105,53,13,333,0x54,236,3434,744,4178),
 (106,53,15,333,0x5A,313,3602,856,4458),
 (107,54,13,488,0x54,249,6242,1408,7650),
 (108,54,15,488,0x5A,331,6042,2328,8370),
 (109,55,14,412,0x50,287,4354,984,5338),
 (110,55,16,412,0x50,384,4834,1264,6098),
 (111,56,14,796,0x50,250,11802,3216,15018),
 (112,56,16,796,0x50,367,11602,3336,14938),
 (113,57,14,0,0x50,0,0,0,0),
 (114,57,16,0,0x50,0,0,0,0),
 (115,58,16,708,0x50,340,13802,3768,17570),
 (116,58,13,708,0x5A,234,14762,3608,18370),
 (117,59,16,1172,0x50,320,26338,8296,34634),
 (118,59,13,1172,0x52,224,25602,8928,34530),
 (119,60,16,0,0x50,0,0,0,0),
 (120,60,13,0,0x52,0,0,0,0),
 (121,61,3,723,0x5A,251,14074,4232,18306),
 (122,61,16,723,0x50,347,17074,3888,20962),
 (123,62,3,1569,0x5A,243,39466,17568,57034),
 (124,62,16,1569,0x50,310,37194,14982,52176),
 (125,63,3,925,0x5A,255,21090,5656,26746),
 (126,63,16,925,0x50,329,22746,5984,28730),
 (127,64,3,1011,0x5A,263,24762,7424,32186),
 (128,64,16,1011,0x50,334,24334,7400,31734),
 (129,65,3,1026,0x5A,240,23186,9632,32818),
 (130,65,16,1026,0x50,320,24206,7824,32030),
 (131,66,3,0,0x5A,0,0,0,0),
 (132,66,16,0,0x50,0,0,0,0),
 (133,67,3,0,0x5A,0,0,0,0),
 (134,67,16,0,0x50,0,0,0,0),
 (135,68,4,766,0x50,370,14346,3800,18146),
 (136,68,10,766,0x50,343,12970,3184,16154),
 (137,69,4,614,0x50,375,8314,2184,10498),
 (138,69,10,614,0x50,352,8538,2400,10938),
 (139,70,4,593,0x50,376,8402,2320,10722),
 (140,70,10,593,0x50,355,7954,2328,10282),
 (141,71,4,572,0x50,357,7506,2216,9722),
 (142,71,10,572,0x50,367,7234,2136,9370),
 (143,72,4,0,0x50,0,0,0,0),
 (144,72,10,0,0x50,0,0,0,0),
 (145,73,4,0,0x50,0,0,0,0),
 (146,73,10,0,0x50,0,0,0,0),
 (147,74,4,0,0x50,0,0,0,0),
 (148,74,10,0,0x50,0,0,0,0),
 (149,75,5,401,0x54,291,4722,1400,6122),
 (150,75,11,401,0x54,254,4882,1192,6074),
 (151,76,5,847,0x54,301,18218,6888,25106),
 (152,76,11,847,0x54,249,15202,5128,20330),
 (153,77,5,869,0x54,290,18946,6264,25210),
 (154,77,11,869,0x54,232,16234,5648,21882),
 (155,78,5,136,0x54,210,1114,24,1138),
 (156,78,11,136,0x54,293,882,0,882),
 (157,79,5,0,0x54,0,0,0,0),
 (158,79,11,0,0x54,0,0,0,0),
 (159,80,5,0,0x54,0,0,0,0),
 (160,80,11,0,0x54,0,0,0,0),
 (161,81,5,0,0x54,0,0,0,0),
 (162,81,11,0,0x54,0,0,0,0),
 (163,82,7,805,0x50,313,15338,4544,19882),
 (164,82,15,805,0x5A,289,18066,4912,22978),
 (165,83,7,944,0x50,314,19530,6288,25818),
 (166,83,15,944,0x5A,294,24602,7416,32018),
 (167,84,7,860,0x50,316,18866,5896,24762),
 (168,84,15,860,0x5A,279,20034,5120,25154),
 (169,85,7,485,0x50,323,7418,1792,9210),
 (170,85,15,485,0x5A,272,6866,2344,9210),
 (171,86,7,626,0x50,314,10810,3480,14290),
 (172,86,15,626,0x5A,326,8482,3624,12106),
 (173,87,7,0,0x50,0,0,0,0),
 (174,87,15,0,0x5A,0,0,0,0),
 (175,88,7,0,0x50,0,0,0,0),
 (176,88,15,0,0x5A,0,0,0,0),
 (177,89,16,1180,0x50,340,24006,8864,32870),
 (178,89,15,1180,0x5A,288,30774,10608,41382),
 (179,90,16,1106,0x50,324,25210,8752,33962),
 (180,90,15,1106,0x5A,296,27266,10832,38098),
 (181,91,16,190,0x50,411,1570,0,1570),
 (182,91,15,190,0x5A,291,1570,0,1570),
 (183,92,16,560,0x50,336,8282,1928,10210),
 (184,92,15,560,0x5A,303,5914,3216,9130),
 (185,93,16,0,0x50,0,0,0,0),
 (186,93,15,0,0x5A,0,0,0,0),
 (187,94,16,0,0x50,0,0,0,0),
 (188,94,15,0,0x5A,0,0,0,0),
 (189,95,16,0,0x50,0,0,0,0),
 (190,95,15,0,0x5A,0,0,0,0),
 (191,96,4,1394,0x50,344,49322,11848,61170),
 (192,96,5,1394,0x54,335,30870,9314,40184),
 (193,97,4,1064,0x50,336,32950,9256,42206),
 (194,97,5,1064,0x54,330,25434,8192,33626),
 (195,98,4,736,0x50,375,18298,4248,22546),
 (196,98,5,736,0x54,350,14610,4024,18634),
 (197,99,4,542,0x50,376,7690,2112,9802),
 (198,99,5,542,0x54,332,8194,1472,9666),
 (199,100,4,1188,0x50,318,29942,7502,37444),
 (200,100,5,1188,0x54,340,26586,8760,35346),
 (201,101,4,1050,0x50,334,28322,8064,36386),
 (202,101,5,1050,0x54,336,22370,7392,29762),
 (203,102,4,0,0x50,0,0,0,0),
 (204,102,5,0,0x54,0,0,0,0),
 (205,103,16,1248,0x50,314,38270,9760,48030),
 (206,103,5,1248,0x54,312,35850,11160,47010),
 (207,104,16,931,0x50,326,21226,5728,26954),
 (208,104,5,931,0x54,305,17534,5304,22838),
 (209,105,16,1270,0x50,338,33110,8426,41536),
 (210,105,5,1270,0x54,322,24474,7838,32312),
 (211,106,16,971,0x50,340,23874,4728,28602),
 (212,106,5,971,0x54,344,22862,6560,29422),
 (213,107,16,613,0x50,372,10058,2824,12882),
 (214,107,5,613,0x54,319,9930,2120,12050),
 (215,108,16,891,0x50,331,20730,5824,26554),
 (216,108,5,891,0x54,316,19474,5240,24714),
 (217,109,16,568,0x50,346,10362,2960,13322),
 (218,109,5,568,0x54,288,9242,2368,11610),
 (219,110,16,0,0x50,0,0,0,0),
 (220,110,5,0,0x54,0,0,0,0),
 (221,111,16,0,0x50,0,0,0,0),
 (222,111,5,0,0x54,0,0,0,0),
 (223,112,4,1020,0x50,345,25082,7360,32442),
 (224,112,15,1020,0x5A,309,24474,8552,33026),
 (225,113,4,555,0x50,391,10722,2200,12922),
 (226,113,15,555,0x5A,333,5402,3160,8562),
 (227,114,4,1302,0x50,320,28650,9708,38358),
 (228,114,15,1302,0x5A,310,35182,11154,46336),
 (229,115,4,793,0x50,329,18034,5080,23114),
 (230,115,15,793,0x5A,322,17178,4208,21386),
 (231,116,4,685,0x50,311,14538,3856,18394),
 (232,116,15,685,0x5A,332,13730,5008,18738),
 (233,117,4,911,0x50,325,21242,5784,27026),
 (234,117,15,911,0x5A,318,21018,7656,28674),
 (235,118,4,856,0x50,326,19202,5672,24874),
 (236,118,15,856,0x5A,307,18922,6720,25642),
 (237,119,4,0,0x50,0,0,0,0),
 (238,119,15,0,0x5A,0,0,0,0),
 (239,120,4,0,0x50,0,0,0,0),
 (240,120,15,0,0x5A,0,0,0,0),
 (241,121,3,793,0x5A,281,12202,6688,18890),
 (242,121,17,793,0x54,335,13074,3008,16082),
 (243,122,3,522,0x5A,270,7114,3080,10194),
 (244,122,17,522,0x54,330,8522,1232,9754),
 (245,123,3,634,0x5A,328,10098,4696,14794),
 (246,123,17,634,0x54,323,10618,2144,12762),
 (247,124,11,1041,0x54,301,28934,8560,37494),
 (248,124,18,1041,0x54,267,32454,10704,43158),
 (249,125,11,1674,0x54,264,42394,16202,58596),
 (250,125,18,1674,0x54,250,50090,20428,70518),
 (251,126,11,0,0x54,0,0,0,0),
 (252,126,18,0,0x54,0,0,0,0),
 (253,127,3,0,0x5A,255,11498,4736,16234),
 (254,127,18,0,0x54,296,15018,3528,18546),
 (255,128,3,307,0x5A,271,2954,688,3642),
 (256,128,18,307,0x54,289,3306,576,3882),
 (257,129,3,1264,0x5A,246,24994,10104,35098),
 (258,129,18,1264,0x54,255,33850,8976,42826),
 (259,130,11,1314,0x54,275,33666,12786,46452),
 (260,130,17,1314,0x54,289,36122,13812,49934),
 (261,131,11,1833,0x54,255,42634,17868,60502),
 (262,131,17,1833,0x54,259,51342,25158,76500),
 (263,132,11,1995,0x54,250,51414,19198,70612),
 (264,132,17,1995,0x54,264,50794,18872,69666),
 (265,133,3,647,0x5A,292,8586,3840,12426),
 (266,133,11,647,0x54,274,9130,992,10122),
 (267,134,3,630,0x5A,245,10938,3600,14538),
 (268,134,11,630,0x54,265,10162,2344,12506),
 (269,135,3,0,0x5A,0,0,0,0),
 (270,135,11,0,0x54,0,0,0,0),
 (271,136,4,1093,0x50,379,25862,7656,33518),
 (272,136,19,1093,0x5A,0,0,0,0),
 (273,137,4,1880,0x50,323,52014,19316,71330),
 (274,137,19,1880,0x5A,372,58894,20750,79644),
 (275,138,4,238,0x50,403,2194,0,2194),
 (276,138,19,238,0x5A,423,2074,312,2386),
 (277,139,16,617,0x50,382,8626,2472,11098),
 (278,139,20,617,0x50,411,10642,2544,13186),
 (279,140,16,688,0x50,403,9082,2800,11882),
 (280,140,20,688,0x50,375,9714,2840,12554),
 (281,141,16,0,0x50,0,0,0,0),
 (282,141,20,0,0x50,0,0,0,0),
 (283,142,19,1850,0x5A,326,57270,23602,80872),
 (284,142,20,1850,0x50,304,50530,17158,67688),
 (285,143,19,1990,0x5A,309,58090,25876,83966),
 (286,143,20,1990,0x50,321,50690,22224,72914),
 (287,144,19,410,0x5A,386,4314,1104,5418),
 (288,144,20,410,0x50,343,5826,1264,7090),
 (289,145,4,388,0x50,359,6082,832,6914),
 (290,145,16,388,0x50,340,4138,1104,5242),
 (291,146,4,520,0x50,386,6514,1816,8330),
 (292,146,16,520,0x50,339,6714,1808,8522),
 (293,147,4,0,0x50,0,0,0,0),
 (294,147,16,0,0x50,0,0,0,0),
 (295,148,4,1001,0x50,358,15258,4240,19498),
 (296,148,20,1001,0x50,362,17166,5312,22478),
 (297,149,4,376,0x50,389,2882,448,3330),
 (298,149,20,376,0x50,407,3986,336,4322),
 (299,150,4,0,0x50,0,0,0,0),
 (300,150,20,0,0x50,0,0,0,0),
 (301,151,15,1512,0x5A,294,40506,15108,55614),
 (302,151,21,1512,0x50,282,40290,15022,55312),
 (303,152,15,389,0x5A,319,4026,1256,5282),
 (304,152,21,389,0x50,291,5570,1384,6954),
 (305,153,15,959,0x5A,317,14562,5928,20490),
 (306,153,21,959,0x50,281,18582,5344,23926),
 (307,154,10,1075,0x50,314,38106,9608,47714),
 (308,154,22,1075,0x54,325,26950,8960,35910),
 (309,155,10,938,0x50,311,24626,4736,29362),
 (310,155,22,938,0x54,316,19058,5080,24138),
 (311,156,10,0,0x50,0,0,0,0),
 (312,156,22,0,0x54,0,0,0,0),
 (313,157,10,497,0x50,393,5322,1552,6874),
 (314,157,21,497,0x50,317,5786,1736,7522),
 (315,158,10,308,0x50,395,2554,136,2690),
 (316,158,21,308,0x50,344,3002,0,3002),
 (317,159,10,565,0x50,339,9002,1648,10650),
 (318,159,21,565,0x50,310,7514,2144,9658),
 (319,160,15,1469,0x5A,301,33174,16854,50028),
 (320,160,22,1469,0x54,321,25306,9336,34642),
 (321,161,15,1835,0x5A,286,49478,19620,69098),
 (322,161,22,1835,0x54,302,43926,18844,62770),
 (323,162,15,1469,0x5A,324,30050,13386,43436),
 (324,162,22,1469,0x54,343,32890,9942,42832),
 (325,163,10,578,0x50,350,7682,1864,9546),
 (326,163,22,578,0x54,336,8202,2216,10418),
 (327,164,10,1172,0x50,306,35486,8336,43822),
 (328,164,22,1172,0x54,305,24554,7688,32242),
 (329,165,10,603,0x50,329,8306,2312,10618),
 (330,165,22,603,0x54,302,8378,2080,10458),
 (331,166,5,1625,0x54,333,42718,11626,54344),
 (332,166,23,1625,0x50,449,61918,20094,82012),
 (333,167,5,1498,0x54,324,33118,8718,41836),
 (334,167,23,1498,0x50,450,51734,14830,66564),
 (335,168,5,0,0x54,0,0,0,0),
 (336,168,23,0,0x50,0,0,0,0),
 (337,169,7,758,0x50,329,15058,3592,18650),
 (338,169,24,758,0x50,394,15674,4360,20034),
 (339,170,7,552,0x50,353,7218,2112,9330),
 (340,170,24,552,0x50,406,7634,2144,9778),
 (341,171,7,1282,0x50,306,29286,10626,39912),
 (342,171,24,1282,0x50,380,31326,10016,41342),
 (343,172,23,406,0x50,550,5290,1392,6682),
 (344,172,24,406,0x50,428,5218,1416,6634),
 (345,173,23,505,0x50,517,7218,1792,9010),
 (346,173,24,505,0x50,431,6314,1344,7658),
 (347,174,23,663,0x50,489,11546,3104,14650),
 (348,174,24,663,0x50,412,11418,2664,14082),
 (349,175,5,489,0x54,348,6170,1680,7850),
 (350,175,7,489,0x50,325,5594,1768,7362),
 (351,176,5,461,0x54,327,5386,1568,6954),
 (352,176,7,461,0x50,308,6810,1168,7978),
 (353,177,5,0,0x54,0,0,0,0),
 (354,177,7,0,0x50,0,0,0,0),
 (355,178,5,1923,0x54,332,42554,17848,60402),
 (356,178,23,1923,0x50,443,46426,20230,66656),
 (357,179,5,478,0x54,389,5474,1704,7178),
 (358,179,23,478,0x50,514,6202,1744,7946),
 (359,180,5,388,0x54,366,4226,1000,5226),
 (360,180,23,388,0x50,538,4466,1000,5466),
 (361,181,3,745,0x5A,280,7384,2144,9528),
 (362,181,21,745,0x50,290,7160,2088,9248),
 (363,182,3,887,0x5A,249,13282,3864,17146),
 (364,182,21,887,0x50,274,12370,2936,15306),
 (365,183,3,851,0x5A,297,17698,4328,22026),
 (366,183,21,851,0x50,280,19450,4888,24338),
 (367,184,3,413,0x5A,301,5450,984,6434),
 (368,184,21,413,0x50,322,5770,1520,7290),
 (369,185,3,1073,0x5A,272,27078,8984,36062),
 (370,185,21,1073,0x50,272,25678,7480,33158),
 (371,186,3,520,0x5A,291,6866,1536,8402),
 (372,186,21,520,0x50,256,6178,1664,7842),
 (373,187,3,0,0x5A,0,0,0,0),
 (374,187,21,0,0x50,0,0,0,0),
 (375,188,24,318,0x50,400,3186,0,3186),
 (376,188,20,318,0x50,443,2330,216,2546),
 (377,189,24,837,0x50,384,15506,4120,19626),
 (378,189,20,837,0x50,370,13794,3744,17538),
 (379,190,24,902,0x50,353,19034,5768,24802),
 (380,190,20,902,0x50,390,15634,4608,20242),
 (381,191,24,296,0x50,412,2818,0,2818),
 (382,191,20,296,0x50,421,2954,0,2954),
 (383,192,24,722,0x50,371,12682,3576,16258),
 (384,192,20,722,0x50,347,13202,3848,17050),
 (385,193,24,1666,0x50,377,43566,14778,58344),
 (386,193,20,1666,0x50,353,44778,15308,60086),
 (387,194,24,937,0x50,383,18934,5472,24406),
 (388,194,20,937,0x50,388,16142,4408,20550),
 (389,195,5,821,0x54,330,16354,4072,20426),
 (390,195,19,821,0x5A,374,12850,5712,18562),
 (391,196,5,1390,0x54,328,28718,9438,38156),
 (392,196,19,1390,0x5A,349,32790,15660,48450),
 (393,197,5,877,0x54,350,18946,4856,23802),
 (394,197,19,877,0x5A,386,16354,7352,23706),
 (395,198,5,1482,0x54,337,35114,10380,45494),
 (396,198,19,1482,0x5A,324,32622,15906,48528),
 (397,199,5,703,0x54,324,10978,2000,12978),
 (398,199,19,703,0x5A,421,11034,5832,16866),
 (399,200,5,1391,0x54,327,37232,10640,47872),
 (400,200,19,1391,0x5A,331,33448,13000,46448),
 (401,201,5,0,0x54,0,0,0,0),
 (402,201,19,0,0x5A,0,0,0,0),
 (403,202,18,2132,0x54,256,66470,27404,93874),
 (404,202,22,2132,0x54,279,41026,17200,58226),
 (405,203,18,201,0x54,308,1458,104,1562),
 (406,203,22,201,0x54,367,1394,0,1394),
 (407,204,18,794,0x54,307,16658,5000,21658),
 (408,204,22,794,0x54,318,14354,5280,19634),
 (409,205,18,3238,0x54,234,74934,33808,108742),
 (410,205,22,3238,0x54,264,75994,31852,107846),
 (411,206,18,838,0x54,300,17434,5320,22754),
 (412,206,22,838,0x54,330,11066,4152,15218),
 (413,207,18,2317,0x54,253,52090,20836,72926),
 (414,207,22,2317,0x54,285,42690,17076,59766),
 (415,208,18,1141,0x54,280,30670,12128,42798),
 (416,208,22,1141,0x54,292,23794,9136,32930),
 (417,209,3,969,0x5A,257,23782,8920,32702),
 (418,209,24,969,0x50,364,25742,6440,32182),
 (419,210,3,659,0x5A,226,8434,3096,11530),
 (420,210,24,659,0x50,379,10954,2656,13610),
 (421,211,3,961,0x5A,254,21002,6992,27994),
 (422,211,24,961,0x50,358,23814,6760,30574),
 (423,212,3,1107,0x5A,243,19542,6504,26046),
 (424,212,24,1107,0x50,363,21438,6784,28222),
 (425,213,3,836,0x5A,242,16306,5456,21762),
 (426,213,24,836,0x50,368,19274,5472,24746),
 (427,214,3,0,0x5A,0,0,0,0),
 (428,214,24,0,0x50,0,0,0,0),
 (429,215,3,0,0x5A,0,0,0,0),
 (430,215,24,0,0x50,0,0,0,0),
 (431,216,5,2195,0x54,299,64914,21638,86552),
 (432,216,18,2195,0x54,241,76392,25464,101856),
 (433,217,5,1257,0x54,307,31378,12498,43876),
 (434,217,18,1257,0x54,257,38310,14042,52352),
 (435,218,5,1365,0x54,319,38458,16502,54960),
 (436,218,18,1365,0x54,245,44178,20036,64214),
 (437,219,5,1354,0x54,310,35518,12410,47928),
 (438,219,18,1354,0x54,254,35858,11704,47562),
 (439,220,5,944,0x54,319,19774,6912,26686),
 (440,220,18,944,0x54,278,19066,6952,26018),
 (441,221,5,1097,0x54,317,18138,7520,25658),
 (442,221,18,1097,0x54,261,31158,12200,43358),
 (443,222,5,0,0x54,0,0,0,0),
 (444,222,18,0,0x54,0,0,0,0),
 (445,223,3,1441,0x5A,265,28242,9414,37656),
 (446,223,5,1441,0x54,306,31644,10548,42192),
 (447,224,3,996,0x5A,265,19416,6472,25888),
 (448,224,5,996,0x54,306,21754,7251,29005),
 (449,225,3,787,0x5A,282,12970,7416,20386),
 (450,225,5,787,0x54,319,14898,3480,18378),
 (451,226,3,1017,0x5A,257,12570,5880,18450),
 (452,226,5,1017,0x54,306,18410,4904,23314),
 (453,227,3,718,0x5A,297,11338,5056,16394),
 (454,227,5,718,0x54,314,13178,3336,16514),
 (455,228,3,663,0x5A,255,11754,4856,16610),
 (456,228,5,663,0x54,316,8898,2208,11106),
 (457,229,3,941,0x5A,268,16562,9528,26090),
 (458,229,5,941,0x54,317,21654,5848,27502),
 (459,230,3,693,0x5A,322,7058,4416,11474),
 (460,230,5,693,0x54,318,11418,2224,13642),
 (461,231,3,0,0x5A,0,0,0,0),
 (462,231,5,0,0x54,0,0,0,0),
 (463,232,18,990,0x54,285,25958,8336,34294),
 (464,232,24,990,0x50,366,34902,10568,45470),
 (465,233,18,565,0x54,303,9034,1920,10954),
 (466,233,24,565,0x50,341,8170,2176,10346),
 (467,234,18,1637,0x54,265,42414,14280,56694),
 (468,234,24,1637,0x50,355,61134,17172,78306),
 (469,235,18,1454,0x54,271,41966,12718,54684),
 (470,235,24,1454,0x50,352,52610,17480,70090),
 (471,236,18,1047,0x54,288,28074,8008,36082),
 (472,236,24,1047,0x50,366,35462,9654,45116),
 (473,237,18,196,0x54,308,1594,0,1594),
 (474,237,24,196,0x50,472,1722,0,1722),
 (475,238,18,0,0x54,0,0,0,0),
 (476,238,24,0,0x50,0,0,0,0),
 (477,239,18,0,0x54,0,0,0,0),
 (478,239,24,0,0x50,0,0,0,0),
 (479,240,18,0,0x54,0,0,0,0),
 (480,240,24,0,0x50,0,0,0,0),
 (481,241,5,514,0x54,292,7482,1240,8722),
 (482,241,9,514,0x5A,299,6074,1360,7434),
 (483,242,5,177,0x54,247,1354,0,1354),
 (484,242,9,177,0x5A,298,1002,0,1002),
 (485,243,5,0,0x54,0,0,0,0),
 (486,243,9,0,0x5A,0,0,0,0),
 (487,244,16,916,0x50,333,20230,6168,26398),
 (488,244,25,916,0x5A,231,20114,5896,26010),
 (489,245,16,620,0x50,334,12250,2944,15194),
 (490,245,25,620,0x5A,230,8346,1712,10058),
 (491,246,16,0,0x50,0,0,0,0),
 (492,246,25,0,0x5A,0,0,0,0),
 (493,247,5,595,0x54,294,7458,1808,9266),
 (494,247,16,595,0x50,380,7378,2120,9498),
 (495,248,5,1275,0x54,289,32050,10344,42394),
 (496,248,16,1275,0x50,296,33742,9338,43080),
 (497,249,5,0,0x54,0,0,0,0),
 (498,249,16,0,0x50,0,0,0,0),
 (499,250,9,0,0x5A,258,4386,896,5282),
 (500,250,25,0,0x5A,211,4322,672,4994),
 (501,251,9,574,0x5A,268,3746,1992,5738),
 (502,251,25,574,0x5A,224,4234,2536,6770),
 (503,252,9,339,0x5A,293,2778,528,3306),
 (504,252,25,339,0x5A,245,2962,736,3698),
 (505,253,16,640,0x50,337,12594,3288,15882),
 (506,253,25,640,0x5A,221,10034,2160,12194),
 (507,254,16,709,0x50,336,14426,3800,18226),
 (508,254,25,709,0x5A,226,9610,2984,12594),
 (509,255,16,0,0x50,0,0,0,0),
 (510,255,25,0,0x5A,0,0,0,0),
 (511,256,3,580,0x5A,226,10698,2968,13666),
 (512,256,26,580,0x50,306,11978,3056,15034),
 (513,257,3,306,0x5A,242,3322,752,4074),
 (514,257,26,306,0x50,375,3698,256,3954),
 (515,258,3,0,0x5A,0,0,0,0),
 (516,258,26,0,0x50,0,0,0,0),
 (517,259,7,630,0x50,310,8290,2536,10826),
 (518,259,27,630,0x50,329,8082,2064,10146),
 (519,260,7,533,0x50,327,6810,2016,8826),
 (520,260,27,533,0x50,348,6162,1592,7754),
 (521,261,7,0,0x50,0,0,0,0),
 (522,261,27,0,0x50,0,0,0,0),
 (523,262,3,931,0x5A,249,23434,8712,32146),
 (524,262,7,931,0x50,308,23338,7392,30730),
 (525,263,3,1451,0x5A,258,40534,14572,55106),
 (526,263,7,1451,0x50,298,30082,12152,42234),
 (527,264,3,0,0x5A,0,0,0,0),
 (528,264,7,0,0x50,0,0,0,0),
 (529,268,3,410,0x5A,257,5546,1112,6658),
 (530,268,26,410,0x50,301,6082,1320,7402),
 (531,269,3,328,0x5A,296,3362,568,3930),
 (532,269,26,328,0x50,336,3938,440,4378),
 (533,270,3,0,0x5A,0,0,0,0),
 (534,270,26,0,0x50,0,0,0,0),
 (535,271,10,749,0x50,328,13218,4008,17226),
 (536,271,14,749,0x50,208,10442,2568,13010),
 (537,272,10,366,0x50,381,3970,1056,5026),
 (538,272,14,366,0x50,202,4194,1208,5402),
 (539,273,10,513,0x50,366,6538,1768,8306),
 (540,273,14,513,0x50,177,6930,1944,8874),
 (541,274,28,758,0x54,337,10746,3160,13906),
 (542,274,29,758,0x5A,336,11970,3952,15922),
 (543,275,28,977,0x54,346,17434,5744,23178),
 (544,275,29,977,0x5A,319,22306,7392,29698),
 (545,276,28,0,0x54,0,0,0,0),
 (546,276,29,0,0x5A,0,0,0,0),
 (547,277,14,811,0x50,234,17498,5168,22666),
 (548,277,29,811,0x5A,336,19690,6968,26658),
 (549,278,14,1237,0x50,250,27186,10368,37554),
 (550,278,29,1237,0x5A,315,28154,9592,37746),
 (551,279,14,732,0x50,229,11074,3016,14090),
 (552,279,29,732,0x5A,313,13842,3968,17810),
 (553,280,28,635,0x54,361,9754,2376,12130),
 (554,280,10,635,0x50,358,13402,2720,16122),
 (555,281,28,1415,0x54,318,37086,12062,49148),
 (556,281,10,1415,0x50,345,46086,10886,56972),
 (557,282,28,1118,0x54,339,30326,8048,38374),
 (558,282,10,1118,0x50,334,31486,10056,41542),
 (559,283,14,1283,0x50,195,40974,12446,53420),
 (560,283,28,1283,0x54,321,31194,11656,42850),
 (561,284,14,1287,0x50,207,32006,8310,40316),
 (562,284,28,1287,0x54,332,32102,11158,43260),
 (563,285,14,2306,0x50,204,78854,24338,103192),
 (564,285,28,2306,0x54,333,51926,17630,69556),
 (565,286,4,1014,0x50,299,23414,6656,30070),
 (566,286,8,1014,0x50,236,22390,6640,29030),
 (567,287,4,658,0x50,345,10378,2264,12642),
 (568,287,8,658,0x50,243,9274,2656,11930),
 (569,288,4,0,0x50,0,0,0,0),
 (570,288,8,0,0x50,0,0,0,0),
 (571,289,1,679,0x5A,322,14722,3832,18554),
 (572,289,30,679,0x50,320,14786,3872,18658),
 (573,290,1,1041,0x5A,309,28770,9880,38650),
 (574,290,30,1041,0x50,264,27730,9128,36858),
 (575,291,1,0,0x5A,0,0,0,0),
 (576,291,30,0,0x50,0,0,0,0),
 (577,292,1,971,0x5A,321,24002,8472,32474),
 (578,292,4,971,0x50,355,24030,6648,30678),
 (579,293,1,1019,0x5A,298,22346,8416,30762),
 (580,293,4,1019,0x50,340,24042,7344,31386),
 (581,294,1,902,0x5A,307,18098,5304,23402),
 (582,294,4,902,0x50,355,20218,6168,26386),
 (583,295,8,467,0x50,237,4954,1336,6290),
 (584,295,30,467,0x50,328,5298,984,6282),
 (585,296,8,842,0x50,220,14570,4768,19338),
 (586,296,30,842,0x50,293,15962,4752,20714),
 (587,297,8,547,0x50,234,7690,2136,9826),
 (588,297,30,547,0x50,345,7714,2088,9802),
 (589,298,8,850,0x50,273,19442,4832,24274),
 (590,298,1,850,0x5A,278,18690,5984,24674),
 (591,299,8,892,0x50,240,18766,5112,23878),
 (592,299,1,892,0x5A,271,20730,5976,26706),
 (593,300,8,0,0x50,0,0,0,0),
 (594,300,1,0,0x5A,0,0,0,0),
 (595,301,4,814,0x50,342,17754,4696,22450),
 (596,301,16,814,0x50,332,18882,5096,23978),
 (597,302,4,770,0x50,377,14874,4016,18890),
 (598,302,16,770,0x50,350,13274,2960,16234),
 (599,303,4,535,0x50,359,7554,2032,9586),
 (600,303,16,535,0x50,385,7258,2056,9314),
 (601,304,4,1088,0x50,324,22022,6976,28998),
 (602,304,16,1088,0x50,324,22102,6152,28254),
 (603,305,4,922,0x50,337,13774,3816,17590),
 (604,305,16,922,0x50,344,13790,3792,17582),
 (605,306,4,0,0x50,0,0,0,0),
 (606,306,16,0,0x50,0,0,0,0),
 (607,307,4,0,0x50,0,0,0,0),
 (608,307,16,0,0x50,0,0,0,0),
 (609,308,3,972,0x5A,267,9938,4792,14730),
 (610,308,29,972,0x5A,320,9258,2976,12234),
 (611,309,3,325,0x5A,269,2922,728,3650),
 (612,309,29,325,0x5A,363,3018,880,3898),
 (613,310,3,859,0x5A,260,9658,4392,14050),
 (614,310,29,859,0x5A,324,8978,3544,12522),
 (615,311,3,712,0x5A,251,6946,2896,9842),
 (616,311,29,712,0x5A,321,4722,2440,7162),
 (617,312,3,885,0x5A,257,9050,1904,10954),
 (618,312,29,885,0x5A,303,6050,1800,7850),
 (619,313,3,0,0x5A,0,0,0,0),
 (620,313,29,0,0x5A,0,0,0,0),
 (621,314,3,0,0x5A,0,0,0,0),
 (622,314,29,0,0x5A,0,0,0,0),
 (623,315,1,1014,0x5A,339,25474,6848,32322),
 (624,315,7,1014,0x50,309,25522,8656,34178),
 (625,316,1,691,0x5A,318,12330,3264,15594),
 (626,316,7,691,0x50,329,14178,3712,17890),
 (627,317,1,609,0x5A,330,12226,3448,15674),
 (628,317,7,609,0x50,310,11842,3544,15386),
 (629,318,1,1234,0x5A,328,32702,10894,43596),
 (630,318,7,1234,0x50,306,26090,10678,36768),
 (631,319,1,740,0x5A,332,12690,3592,16282),
 (632,319,7,740,0x50,318,14674,3896,18570),
 (633,320,1,480,0x5A,359,6770,1416,8186),
 (634,320,7,480,0x50,299,6882,1664,8546),
 (635,321,1,0,0x5A,0,0,0,0),
 (636,321,7,0,0x50,0,0,0,0),
 (637,322,5,539,0x54,269,7042,1648,8690),
 (638,322,14,539,0x50,215,8074,2624,10698),
 (639,323,5,963,0x54,306,18334,4376,22710),
 (640,323,14,963,0x50,281,26070,6416,32486),
 (641,324,5,589,0x54,312,10482,2592,13074),
 (642,324,14,589,0x50,334,10786,2304,13090),
 (643,325,5,754,0x54,308,14154,3280,17434),
 (644,325,14,754,0x50,289,17506,4272,21778),
 (645,326,5,1363,0x54,291,32206,9418,41624),
 (646,326,14,1363,0x50,277,34694,12456,47150),
 (647,327,5,1337,0x54,285,33538,9294,42832),
 (648,327,14,1337,0x50,260,39986,10338,50324),
 (649,328,5,0,0x54,0,0,0,0),
 (650,328,14,0,0x50,0,0,0,0),
 (651,329,3,1407,0x5A,243,35302,13814,49116),
 (652,329,16,1407,0x50,313,27642,11328,38970),
 (653,330,3,1066,0x5A,238,26146,9824,35970),
 (654,330,16,1066,0x50,321,21250,6208,27458),
 (655,331,3,1784,0x5A,228,43382,15464,58846),
 (656,331,16,1784,0x50,296,44842,15438,60280),
 (657,332,3,1270,0x5A,230,17946,5808,23754),
 (658,332,16,1270,0x50,305,17730,5232,22962),
 (659,333,3,990,0x5A,242,22154,7560,29714),
 (660,333,16,990,0x50,315,23166,6472,29638),
 (661,334,3,679,0x5A,235,11410,2208,13618),
 (662,334,16,679,0x50,328,12314,2832,15146),
 (663,335,3,691,0x5A,253,6842,3456,10298),
 (664,335,16,691,0x50,335,9402,1880,11282),
 (665,336,1,1367,0x5A,314,25282,12220,37502),
 (666,336,5,1367,0x54,292,28734,9138,37872),
 (667,337,1,1504,0x5A,309,21730,11280,33010),
 (668,337,5,1504,0x54,275,22494,5008,27502),
 (669,338,1,565,0x5A,353,8330,3128,11458),
 (670,338,5,565,0x54,252,9026,1512,10538),
 (671,339,1,1130,0x5A,333,16450,9992,26442),
 (672,339,5,1130,0x54,266,19578,5728,25306),
 (673,340,1,0,0x5A,0,0,0,0),
 (674,340,5,0,0x54,0,0,0,0),
 (675,341,1,0,0x5A,0,0,0,0),
 (676,341,5,0,0x54,0,0,0,0),
 (677,342,1,0,0x5A,0,0,0,0),
 (678,342,5,0,0x54,0,0,0,0),
 (679,343,1,719,0x5A,332,14490,3720,18210),
 (680,343,16,719,0x50,324,13226,3624,16850),
 (681,344,1,738,0x5A,320,13122,3176,16298),
 (682,344,16,738,0x50,350,13666,3192,16858),
 (683,345,1,1209,0x5A,318,30274,10556,40830),
 (684,345,16,1209,0x50,318,30458,8744,39202),
 (685,346,1,445,0x5A,327,4594,424,5018),
 (686,346,16,445,0x50,374,5778,920,6698),
 (687,347,1,1104,0x5A,314,29146,8248,37394),
 (688,347,16,1104,0x50,333,23126,7304,30430),
 (689,348,1,715,0x5A,306,15978,4928,20906),
 (690,348,16,715,0x50,349,14242,3904,18146),
 (691,349,1,1192,0x5A,307,22890,7608,30498),
 (692,349,16,1192,0x50,313,23766,7232,30998),
 (693,350,1,849,0x5A,299,13850,3304,17154),
 (694,350,16,849,0x50,333,16618,4864,21482),
 (695,351,1,1297,0x5A,277,35018,11892,46910),
 (696,351,16,1297,0x50,313,24042,8194,32236),
 (697,352,5,1369,0x54,296,32434,11400,43834),
 (698,352,3,1369,0x5A,243,29302,16216,45518),
 (699,353,5,636,0x54,289,12394,2872,15266),
 (700,353,3,636,0x5A,270,8634,4024,12658),
 (701,354,5,773,0x54,298,16690,3808,20498),
 (702,354,3,773,0x5A,231,14298,5848,20146),
 (703,355,5,591,0x54,274,9866,1760,11626),
 (704,355,3,591,0x5A,310,6834,3784,10618),
 (705,356,5,844,0x54,289,15634,3448,19082),
 (706,356,3,844,0x5A,292,11738,6648,18386),
 (707,357,5,512,0x54,262,5714,1192,6906),
 (708,357,3,512,0x5A,264,5370,1856,7226),
 (709,358,5,712,0x54,298,13602,3352,16954),
 (710,358,3,712,0x5A,307,10458,4888,15346),
 (711,359,5,0,0x54,0,0,0,0),
 (712,359,3,0,0x5A,0,0,0,0),
 (713,360,5,0,0x54,0,0,0,0),
 (714,360,3,0,0x5A,0,0,0,0),
 (715,361,5,961,0x54,350,25470,7648,33118),
 (716,361,21,961,0x50,275,26030,6440,32470),
 (717,362,5,858,0x54,353,18330,5688,24018),
 (718,362,21,858,0x50,273,16290,5000,21290),
 (719,363,5,0,0x54,0,0,0,0),
 (720,363,21,0,0x50,0,0,0,0),
 (721,364,16,521,0x50,360,8442,2144,10586),
 (722,364,20,521,0x50,390,7818,1896,9714),
 (723,365,16,612,0x50,354,8026,2328,10354),
 (724,365,20,612,0x50,356,8450,2224,10674),
 (725,366,16,0,0x50,0,0,0,0),
 (726,366,20,0,0x50,0,0,0,0),
 (727,367,5,1257,0x54,323,29602,10816,40418),
 (728,367,20,1257,0x50,329,35754,12504,48258),
 (729,368,5,434,0x54,337,4674,1240,5914),
 (730,368,20,434,0x50,397,5074,1184,6258),
 (731,369,5,0,0x54,0,0,0,0),
 (732,369,20,0,0x50,0,0,0,0),
 (733,370,16,190,0x50,304,1346,0,1346),
 (734,370,21,190,0x50,261,1370,0,1370),
 (735,371,16,526,0x50,339,6778,1840,8618),
 (736,371,21,526,0x50,296,6634,1856,8490),
 (737,372,16,0,0x50,0,0,0,0),
 (738,372,21,0,0x50,0,0,0,0),
 (739,373,5,1255,0x54,290,31730,10728,42458),
 (740,373,21,1255,0x50,258,29950,9000,38950),
 (741,374,5,1239,0x54,285,31558,8914,40472),
 (742,374,21,1239,0x50,276,29758,6928,36686),
 (743,375,5,0,0x54,0,0,0,0),
 (744,375,21,0,0x50,0,0,0,0),
 (745,376,3,523,0x5A,271,5178,2528,7706),
 (746,376,32,523,0x5A,328,4426,2232,6658),
 (747,377,3,420,0x5A,243,3186,1360,4546),
 (748,377,32,420,0x5A,348,3618,1544,5162),
 (749,378,3,728,0x5A,265,7578,1616,9194),
 (750,378,32,728,0x5A,362,4370,2176,6546),
 (751,379,29,500,0x5A,312,4354,1464,5818),
 (752,379,31,500,0x5A,336,4218,1792,6010),
 (753,380,29,277,0x5A,313,2146,824,2970),
 (754,380,31,277,0x5A,313,2450,288,2738),
 (755,381,29,325,0x5A,350,2618,112,2730),
 (756,381,31,325,0x5A,339,2458,616,3074),
 (757,382,3,435,0x5A,260,3922,1360,5282),
 (758,382,31,435,0x5A,318,4178,1632,5810),
 (759,383,3,477,0x5A,256,3234,1568,4802),
 (760,383,31,477,0x5A,329,3626,1848,5474),
 (761,384,3,0,0x5A,0,0,0,0),
 (762,384,31,0,0x5A,0,0,0,0),
 (763,385,29,480,0x5A,304,3538,1640,5178),
 (764,385,32,480,0x5A,322,3418,1800,5218),
 (765,386,29,450,0x5A,298,3194,1368,4562),
 (766,386,32,450,0x5A,303,3994,1512,5506),
 (767,387,29,0,0x5A,0,0,0,0),
 (768,387,32,0,0x5A,0,0,0,0),
 (769,388,3,428,0x5A,280,4042,1664,5706),
 (770,388,32,428,0x5A,351,3994,1688,5682),
 (771,389,3,391,0x5A,248,2978,1320,4298),
 (772,389,32,391,0x5A,307,3402,1360,4762),
 (773,390,3,0,0x5A,0,0,0,0),
 (774,390,32,0,0x5A,0,0,0,0),
 (775,391,4,415,0x50,403,6402,1016,7418),
 (776,391,34,415,0x5A,355,5858,1080,6938),
 (777,392,4,1032,0x50,342,24442,8152,32594),
 (778,392,34,1032,0x5A,325,27354,11278,38632),
 (779,393,4,0,0x50,0,0,0,0),
 (780,393,34,0,0x5A,0,0,0,0),
 (781,397,33,625,0x50,355,14290,3792,18082),
 (782,397,34,625,0x5A,327,11490,3384,14874),
 (783,398,33,649,0x50,306,12058,3056,15114),
 (784,398,34,649,0x5A,327,12018,3128,15146),
 (785,399,33,1097,0x50,339,30102,10304,40406),
 (786,399,34,1097,0x5A,311,34006,10320,44326),
 (787,400,1,407,0x5A,317,5362,1088,6450),
 (788,400,4,407,0x50,378,6290,1488,7778),
 (789,401,1,773,0x5A,334,16290,4992,21282),
 (790,401,4,773,0x50,345,16770,5048,21818),
 (791,402,1,952,0x5A,319,22506,5304,27810),
 (792,402,4,952,0x50,333,22826,6760,29586),
 (793,403,4,405,0x50,392,5178,1360,6538),
 (794,403,33,405,0x50,328,5114,1392,6506),
 (795,404,4,458,0x50,378,5946,1656,7602),
 (796,404,33,458,0x50,350,6170,1672,7842),
 (797,405,4,0,0x50,0,0,0,0),
 (798,405,33,0,0x50,0,0,0,0),
 (799,406,7,1353,0x50,287,37678,13788,51466),
 (800,406,36,1353,0x54,334,41682,15408,57090),
 (801,407,7,518,0x50,314,8682,1928,10610),
 (802,407,36,518,0x54,383,7250,1832,9082),
 (803,408,7,1029,0x50,295,22110,5352,27462),
 (804,408,36,1029,0x54,343,21246,5944,27190),
 (805,409,14,1330,0x50,247,34106,9584,43690),
 (806,409,35,1330,0x54,295,34554,11844,46398),
 (807,410,14,589,0x50,274,10146,2712,12858),
 (808,410,35,589,0x54,300,9346,2680,12026),
 (809,411,14,0,0x50,0,0,0,0),
 (810,411,35,0,0x54,0,0,0,0),
 (811,412,35,1545,0x54,273,45714,18016,63730),
 (812,412,36,1545,0x54,338,39962,18446,58408),
 (813,413,35,437,0x54,305,5442,1200,6642),
 (814,413,36,437,0x54,439,6354,1144,7498),
 (815,414,35,1487,0x54,286,42306,13314,55620),
 (816,414,36,1487,0x54,343,42234,15452,57686),
 (817,415,14,535,0x50,232,7034,1872,8906),
 (818,415,7,535,0x50,309,7154,1800,8954),
 (819,416,14,1293,0x50,251,19206,6644,25850),
 (820,416,7,1293,0x50,286,19794,6834,26628),
 (821,417,14,0,0x50,0,0,0,0),
 (822,417,7,0,0x50,0,0,0,0),
 (823,418,14,1392,0x50,241,40466,13756,54222),
 (824,418,35,1392,0x54,288,38146,14980,53126),
 (825,419,14,1204,0x50,259,34358,8070,42428),
 (826,419,35,1204,0x54,288,33410,10960,44370),
 (827,420,14,0,0x50,0,0,0,0),
 (828,420,35,0,0x54,0,0,0,0),
 (829,421,20,638,0x50,378,12778,3952,16730),
 (830,421,32,638,0x5A,261,11034,3208,14242),
 (831,422,20,485,0x50,363,7858,1136,8994),
 (832,422,32,485,0x5A,302,4906,856,5762),
 (833,423,20,658,0x50,350,11386,1816,13202),
 (834,423,32,658,0x5A,280,7898,1376,9274),
 (835,424,20,603,0x50,387,11938,3248,15186),
 (836,424,32,603,0x5A,278,9714,2640,12354),
 (837,425,20,0,0x50,0,0,0,0),
 (838,425,32,0,0x5A,0,0,0,0),
 (839,426,20,0,0x50,0,0,0,0),
 (840,426,32,0,0x5A,0,0,0,0),
 (841,427,20,0,0x50,0,0,0,0),
 (842,427,32,0,0x5A,0,0,0,0),
 (843,428,35,493,0x54,284,4898,1392,6290),
 (844,428,34,493,0x5A,351,4778,1296,6074),
 (845,429,35,1090,0x54,287,20670,7912,28582),
 (846,429,34,1090,0x5A,392,18066,9880,27946),
 (847,430,35,384,0x54,312,4666,728,5394),
 (848,430,34,384,0x5A,330,3818,1264,5082),
 (849,431,35,768,0x54,345,15890,3856,19746),
 (850,431,34,768,0x5A,371,11938,7000,18938),
 (851,432,35,1202,0x54,333,27078,8816,35894),
 (852,432,34,1202,0x5A,329,27338,14024,41362),
 (853,433,35,0,0x54,0,0,0,0),
 (854,433,34,0,0x5A,0,0,0,0),
 (855,434,35,0,0x54,0,0,0,0),
 (856,434,34,0,0x5A,0,0,0,0),
 (857,435,5,994,0x54,296,17930,6888,24818),
 (858,435,36,994,0x54,407,26466,7472,33938),
 (859,436,5,1434,0x54,290,45106,16242,61348),
 (860,436,36,1434,0x54,354,37674,14142,51816),
 (861,437,5,1104,0x54,308,28462,8136,36598),
 (862,437,36,1104,0x54,357,27306,10138,37444),
 (863,438,5,870,0x54,305,16178,4672,20850),
 (864,438,36,870,0x54,312,13930,5032,18962),
 (865,439,5,610,0x54,300,8258,2040,10298),
 (866,439,36,610,0x54,403,11306,2552,13858),
 (867,440,5,1526,0x54,293,35530,13340,48870),
 (868,440,36,1526,0x54,332,39514,15136,54650),
 (869,441,5,0,0x54,0,0,0,0),
 (870,441,36,0,0x54,0,0,0,0),
 (871,442,31,964,0x5A,315,25546,7872,33418),
 (872,442,33,964,0x50,350,23446,7184,30630),
 (873,443,31,1240,0x5A,307,30842,11490,42332),
 (874,443,33,1240,0x50,313,26902,8872,35774),
 (875,444,31,965,0x5A,286,27898,9688,37586),
 (876,444,33,965,0x50,348,26242,7144,33386),
 (877,445,31,827,0x5A,283,18466,5592,24058),
 (878,445,33,827,0x50,301,20514,5768,26282),
 (879,446,31,1043,0x5A,298,28850,9624,38474),
 (880,446,33,1043,0x50,317,27150,8408,35558),
 (881,447,31,1750,0x5A,261,51266,18922,70188),
 (882,447,33,1750,0x50,323,42154,16130,58284),
 (883,448,31,961,0x5A,277,26754,8528,35282),
 (884,448,33,961,0x50,323,20442,6152,26594),
 (885,449,35,1183,0x54,310,34182,10952,45134),
 (886,449,20,1183,0x50,369,34962,11688,46650),
 (887,450,35,2275,0x54,318,48358,17158,65516),
 (888,450,20,2275,0x50,331,75166,27290,102456),
 (889,451,35,834,0x54,306,14866,5024,19890),
 (890,451,20,834,0x50,385,20642,6648,27290),
 (891,452,35,1284,0x54,314,31350,11200,42550),
 (892,452,20,1284,0x50,355,41578,10772,52350),
 (893,453,35,719,0x54,292,12746,3184,15930),
 (894,453,20,719,0x50,397,11202,2440,13642),
 (895,454,35,1357,0x54,322,36978,11450,48428),
 (896,454,20,1357,0x50,368,43838,10484,54322),
 (897,455,35,1275,0x54,319,32506,11336,43842),
 (898,455,20,1275,0x50,351,33462,10200,43662),
 (899,456,31,774,0x5A,347,12946,6360,19306),
 (900,456,36,774,0x54,408,15210,3264,18474),
 (901,457,31,832,0x5A,301,14306,5880,20186),
 (902,457,36,832,0x54,400,15410,4464,19874),
 (903,458,31,257,0x5A,336,1874,0,1874),
 (904,458,36,257,0x54,471,1898,0,1898),
 (905,459,31,585,0x5A,333,8770,4200,12970),
 (906,459,36,585,0x54,398,10058,1216,11274),
 (907,460,31,443,0x5A,329,4786,1616,6402),
 (908,460,36,443,0x54,416,5538,624,6162),
 (909,461,31,1044,0x5A,294,18058,8784,26842),
 (910,461,36,1044,0x54,379,23082,6432,29514),
 (911,462,31,0,0x5A,0,0,0,0),
 (912,462,36,0,0x54,0,0,0,0),
 (913,463,20,1105,0x50,353,26426,8528,34954),
 (914,463,31,1105,0x5A,291,31938,10400,42338),
 (915,464,20,460,0x50,426,6874,1392,8266),
 (916,464,31,460,0x5A,316,6458,1376,7834),
 (917,465,20,275,0x50,467,2794,0,2794),
 (918,465,31,275,0x5A,342,2426,0,2426),
 (919,466,20,680,0x50,345,11698,3160,14858),
 (920,466,31,680,0x5A,308,13634,3664,17298),
 (921,467,20,1081,0x50,348,24550,7296,31846),
 (922,467,31,1081,0x5A,279,30958,9832,40790),
 (923,468,20,527,0x50,324,8442,1656,10098),
 (924,468,31,527,0x5A,281,8442,1472,9914),
 (925,469,20,0,0x50,0,0,0,0),
 (926,469,31,0,0x5A,0,0,0,0),
 (927,470,20,0,0x50,0,0,0,0),
 (928,470,31,0,0x5A,0,0,0,0),
 (929,471,20,0,0x50,0,0,0,0),
 (930,471,31,0,0x5A,0,0,0,0),
 (931,472,35,1179,0x54,289,32158,10912,43070),
 (932,472,36,1179,0x54,369,27654,9062,36716),
 (933,473,35,3832,0x54,251,72486,32096,104582),
 (934,473,36,3832,0x54,291,64454,29782,94236),
 (935,474,35,1245,0x54,301,34578,10864,45442),
 (936,474,36,1245,0x54,363,31834,10274,42108),
 (937,475,35,1265,0x54,286,32222,12260,44482),
 (938,475,36,1265,0x54,352,31214,13216,44430),
 (939,476,35,493,0x54,330,7706,1552,9258),
 (940,476,36,493,0x54,440,6482,1440,7922),
 (941,477,35,1453,0x54,276,36106,12720,48826),
 (942,477,36,1453,0x54,353,40514,14130,54644),
 (943,478,35,2467,0x54,282,72086,26084,98170),
 (944,478,36,2467,0x54,293,59914,25716,85630),
 (945,479,35,0,0x54,0,0,0,0),
 (946,479,36,0,0x54,0,0,0,0),
 (947,480,35,0,0x54,0,0,0,0),
 (948,480,36,0,0x54,0,0,0,0);
/*!40000 ALTER TABLE `tb_match_detail` ENABLE KEYS */;


--
-- Definition of table `tb_menu`
--

DROP TABLE IF EXISTS `tb_menu`;
CREATE TABLE `tb_menu` (
  `id` int(10) unsigned NOT NULL AUTO_INCREMENT COMMENT '主键ID',
  `menu_id` int(10) unsigned NOT NULL COMMENT '菜单项ID',
  `parent_id` int(10) unsigned NOT NULL COMMENT '父菜单项ID',
  `name` varchar(45) NOT NULL COMMENT '菜单名称',
  `url` varchar(45) DEFAULT NULL COMMENT '访问URL',
  `type` int(10) unsigned NOT NULL COMMENT '菜单类型',
  `icon` varchar(45) DEFAULT NULL COMMENT '图标',
  `order_num` int(10) unsigned DEFAULT NULL COMMENT '顺序',
  `perms` varchar(256) DEFAULT NULL COMMENT '权限',
  `is_use` int(10) unsigned NOT NULL DEFAULT '0' COMMENT '是否启用',
  PRIMARY KEY (`id`)
) ENGINE=InnoDB AUTO_INCREMENT=10 DEFAULT CHARSET=utf8;

--
-- Dumping data for table `tb_menu`
--

/*!40000 ALTER TABLE `tb_menu` DISABLE KEYS */;
INSERT INTO `tb_menu` (`id`,`menu_id`,`parent_id`,`name`,`url`,`type`,`icon`,`order_num`,`perms`,`is_use`) VALUES 
 (1,1,0,'系统管理','',0,'fa fa-cog',0,'',0),
 (2,2,0,'赛季管理','',0,'fa fa-user-secret',0,'',1),
 (3,3,0,'选手管理','',0,'fa fa-user-secret',0,'',1),
 (4,4,0,'比赛管理','',0,'fa fa-user-secret',0,'',0),
 (5,100,1,'管理员信息','pages/system/admin.html',1,'',1,'',1),
 (6,200,2,'赛季信息','pages/season/season.html',1,'',1,'',1),
 (7,201,2,'赛程信息','pages/season/schedule.html',1,'',2,'',1),
 (8,300,3,'选手信息','pages/player/player.html',1,'',1,'',1),
 (9,400,4,'比赛信息','pages/match/match.html',1,'',1,'',1);
/*!40000 ALTER TABLE `tb_menu` ENABLE KEYS */;


--
-- Definition of table `tb_player`
--

DROP TABLE IF EXISTS `tb_player`;
CREATE TABLE `tb_player` (
  `id` int(10) unsigned NOT NULL AUTO_INCREMENT COMMENT '主键ID',
  `name` varchar(45) COLLATE utf8_bin NOT NULL COMMENT '姓名',
  `gender` varchar(45) COLLATE utf8_bin DEFAULT NULL COMMENT '性别',
  `nick` varchar(45) COLLATE utf8_bin DEFAULT NULL COMMENT '昵称',
  `race` varchar(45) COLLATE utf8_bin NOT NULL COMMENT '种族',
  `country` varchar(45) COLLATE utf8_bin DEFAULT NULL COMMENT '国家',
  `birth` varchar(45) COLLATE utf8_bin DEFAULT NULL COMMENT '生日',
  `picture` varchar(45) COLLATE utf8_bin DEFAULT NULL COMMENT '头像',
  `team_name` varchar(45) COLLATE utf8_bin DEFAULT NULL COMMENT '战队',
  `qq` varchar(45) COLLATE utf8_bin DEFAULT NULL COMMENT 'QQ',
  `wechat` varchar(45) COLLATE utf8_bin DEFAULT NULL COMMENT '微信',
  `tel` varchar(45) COLLATE utf8_bin DEFAULT NULL COMMENT '电话',
  `status` int(10) unsigned NOT NULL COMMENT '状态',
  PRIMARY KEY (`id`)
) ENGINE=InnoDB AUTO_INCREMENT=37 DEFAULT CHARSET=utf8 COLLATE=utf8_bin;

--
-- Dumping data for table `tb_player`
--

/*!40000 ALTER TABLE `tb_player` DISABLE KEYS */;
INSERT INTO `tb_player` (`id`,`name`,`gender`,`nick`,`race`,`country`,`birth`,`picture`,`team_name`,`qq`,`wechat`,`tel`,`status`) VALUES 
 (1,0xE69FB4E6B3BDE991AB,0x31,0x44754775516975426169,0x5A,0x434E,'',0x33653735323165652D363438642D343334642D623737662D3831346639333239386639652E6A7067,0x592E48,'','','',1),
 (2,0xE4B88DE8AFA6,0x31,0x505050505050,0x50,0x434E,'','',0xE4B88DE8AFA6,'','','',1),
 (3,0xE7ABA0E698A5E99BB7,0x31,0x46656E677A69,0x5A,0x434E,'',0x64363362393664382D303366332D346530342D383266382D3237656463643634613035362E6A7067,0x5B5376535D,'','','',1),
 (4,0xE5BA9EE4BC9FE993B8,0x31,0x5A68616E68756E,0x50,0x434E,'',0x37353337363337382D383234612D346561352D613263632D3833613734373063356365642E6A7067,0x5B5376535D,'','','',1),
 (5,0xE883A1E698A5E697AD,0x31,0x4D696875,0x54,0x434E,'',0x63303630393435322D303333322D343336612D383136302D6361633332326530393564342E706E67,0x53756E46,'','','',1),
 (6,0xE8969BE69687E6B4B2,0x31,0x46726565,0x50,0x434E,'',0x32633761373366612D316635312D343233362D613737322D6461633764366633633764382E4A5047,0x53756E46,'','','',1),
 (7,0xE4B881E4BC9F,0x31,0x4A617973746172,0x50,0x434E,'',0x37376631376335302D363464342D343364312D383537332D3662323531333138353663352E6A7067,0x592E48,'','','',1),
 (8,0xE99C8DE8B685,0x31,0x4B756B75626F79,0x50,0x434E,'',0x35333531383766392D376662372D343034312D623065362D3262373761393532623932662E6A7067,0x592E48,'','','',1),
 (9,0xE9BB84E5ADA6E6958F,0x31,0xE5B08FE5B885,0x5A,0x434E,'',0x63346165616565632D306135612D343933382D383434312D6661636337343439346533382E6A7067,0x53756E46,'','','',1),
 (10,0xE78E8BE4B994,0x31,0x5169616F67656765,0x50,0x434E,'',0x35643863346237662D636563652D343562652D383331632D3733326362656132333336622E6A7067,0x53756E46,'','','',1),
 (11,'',0x31,0x4C6F7570,0x54,0x434E,'',0x31353564643435322D313930622D343561642D386638652D6363326566643038396363662E6A7067,0x592E48,'','','',1),
 (12,0xE69D8EE581B2,0x31,0x436169636169,0x5A,0x434E,'',0x39613466633434332D323439322D343134372D623134662D6364613162353065346364622E6A7067,0x5B5376535D,'','','',1),
 (13,0xE58285E4BDB3,0x31,0x464A,0x52,0x434E,'',0x66373561346166362D343664662D343165662D623166392D6664636631363033326530302E6A7067,0x544845,'','','',1),
 (14,0xE8A281E79C9F,0x31,0x67756F7169616E,0x50,0x434E,'',0x39363630376266652D616131302D343239622D613362352D3330366632363664626666642E6A7067,0x53756E46,'','','',1),
 (15,0xE5A79CE6B19F,0x31,0x4A656469,0x5A,0x434E,'',0x61643433643032622D613135612D346234322D383334302D6331653535653733383031342E6A7067,0x5B5376535D,'','','',1),
 (16,0xE99988E998B3,0x31,0x4150,0x50,0x434E,'',0x39353838636335372D366166362D346138312D396131302D3833383134666339623462642E6A7067,0x53756E46,'','','',1),
 (17,0x53656F204A6920536F6F,0x32,0x546F73736769726C,0x54,0x4B52,'',0x62616531366166352D366230632D343535362D613763612D3739313163336164393166372E6A706567,'','','','',1),
 (18,0x4A756E2053616E6720576F6F6B,0x31,0x4D69646173,0x54,0x4B52,'',0x63313530353061652D656139342D343562612D396636302D3433363563653037666139632E6A7067,'','','','',1),
 (19,0x456F2059756E2D7375,0x31,0x736F4F,0x5A,0x4B52,'',0x30396135303934332D653838632D346666342D393934392D3565633533346265656564312E6A7067,'','','','',1),
 (20,0x576F6E2053656F6E2D6A6165,0x31,0x4D6F74697665,0x50,0x4B52,'','','','','','',1),
 (21,0x4B696D2053756E67204A65,0x31,0x5261696E424F77,0x50,0x4B52,'',0x37313433353137362D353538392D346161622D396134332D3738613135326265663634302E6A7067,'','','','',1),
 (22,'',0x31,0x4B4F50,0x54,0x4B52,'','','','','','',1),
 (23,0x486F6E672044656F6B,0x31,0x7275696E,0x50,0x4B52,'',0x32646234653465662D343361642D346261382D623235612D3066323336323737663631612E6A7067,'','','','',1),
 (24,0x4C6565204777616E6720596F6E67,0x31,0x4D6967687479,0x50,0x4B52,'',0x32373330333936322D326132342D346534342D623734642D3538653234633162333762392E6A7067,'','','','',1),
 (25,0xE69E97E9A39EE9B98F,0x31,0xE5BDB1E5AD90E6B894,0x5A,0x434E,0x313938372D30312D3231,0x39663438313738352D316536372D343264362D626261632D3564306634616335343061632E706E67,0x53756E46,'','','',1),
 (26,0xE982B1E7818FE99C96,0x31,0x5169756A6965,0x50,0x434E,0x313938392D30342D3037,0x30333439623434652D616532352D346331322D623335312D3231373761386338316465652E706E67,0x53756E46,'','','',1),
 (27,0xE69DA8E69DB0,0x31,0x4A756A6973686F75,0x50,0x434E,0x313938362D30382D3331,0x61623439623863312D656265372D346434662D623232382D3966653537343465643161342E6A7067,0x464F52,'','','',1),
 (28,'',0x31,0x7869616F7869616F6D61,0x54,0x434E,'','',0x592E48,'','','',1),
 (29,0xE8928BE69993E9BE99,0x31,0x4B4944,0x5A,0x434E,0x313938372D30382D3034,0x62633461373461662D343066642D343666312D626662342D3230393636303463633363342E6A7067,0x53756E46,'','','',1),
 (30,0xE69DA8E69895E99C96,0x31,0x7869616F79757368656E,0x50,0x434E,0x313939392D30352D3035,0x36333962663938642D623538642D346163612D393631322D3836306531363562633165662E6A7067,0x466F52,'','','',1),
 (31,'',0x31,0x756E79656F6E67,0x5A,0x4B52,'','','','','','',1),
 (32,0x5A6F652053756D6D657273,0x32,0x436164656E7A6965,0x5A,0x554B,'',0x32663665613034332D336263622D346166332D396335312D6339396536613439656266322E6A7067,'','','','',1),
 (33,0x4B696D2048616B20536F6F,0x31,0x4F5A,0x50,0x4B52,0x313938392D30382D3233,0x37343135353836322D636664382D343530632D616431302D3363336635386465343166312E6A7067,'','','','',1),
 (34,0x4B6F2053656F6B204879756E,0x31,0x4879754E,0x5A,0x4B52,0x313938382D30312D3035,0x30303339623133652D373363642D346232652D616138642D3966643234386436333263332E6A7067,'','','','',1),
 (35,0x52796F6F205365756E67204B6F686E,0x31,0x5343414E,0x54,0x4B52,0x313939332D31302D3134,0x39656565666436342D353662342D343161382D396462382D3030393035666561396431392E706E67,'','','','',1),
 (36,'',0x31,0x52696465736B79,0x54,0x4B52,'','','','','','',1);
/*!40000 ALTER TABLE `tb_player` ENABLE KEYS */;


--
-- Definition of table `tb_player_detail`
--

DROP TABLE IF EXISTS `tb_player_detail`;
CREATE TABLE `tb_player_detail` (
  `id` int(10) unsigned NOT NULL AUTO_INCREMENT COMMENT '主键ID',
  `player_id` int(11) NOT NULL COMMENT '选手ID',
  `all_apm` int(11) DEFAULT NULL COMMENT '总apm',
  `all_sets` int(11) DEFAULT NULL COMMENT '总对局次数',
  `all_resource` int(11) DEFAULT NULL COMMENT '总资源数',
  `all_crystal` int(11) DEFAULT NULL COMMENT '总水晶数',
  `all_oil` int(11) DEFAULT NULL COMMENT '总油矿数',
  `all_duration` int(11) DEFAULT NULL COMMENT '总时长',
  PRIMARY KEY (`id`)
) ENGINE=InnoDB DEFAULT CHARSET=utf8 COLLATE=utf8_bin;

--
-- Dumping data for table `tb_player_detail`
--

/*!40000 ALTER TABLE `tb_player_detail` DISABLE KEYS */;
/*!40000 ALTER TABLE `tb_player_detail` ENABLE KEYS */;


--
-- Definition of table `tb_player_score_detail`
--

DROP TABLE IF EXISTS `tb_player_score_detail`;
CREATE TABLE `tb_player_score_detail` (
  `id` int(10) unsigned NOT NULL AUTO_INCREMENT COMMENT '主键ID',
  `player_id` int(10) unsigned NOT NULL COMMENT '选手ID',
  `tvtw` int(10) unsigned DEFAULT NULL COMMENT 'tvt胜场',
  `tvta` int(10) unsigned DEFAULT NULL COMMENT 'tvt总对局',
  `tvpw` int(10) unsigned DEFAULT NULL COMMENT 'tvp胜场',
  `tvpa` int(10) unsigned DEFAULT NULL COMMENT 'tvp总对局',
  `tvzw` int(10) unsigned DEFAULT NULL COMMENT 'tvz胜场',
  `tvza` int(10) unsigned DEFAULT NULL COMMENT 'tvz总对局',
  `pvtw` int(10) unsigned DEFAULT NULL COMMENT 'pvt胜场',
  `pvta` int(10) unsigned DEFAULT NULL COMMENT 'pvt总对局',
  `pvpw` int(10) unsigned DEFAULT NULL COMMENT 'pvp胜场',
  `pvpa` int(10) unsigned DEFAULT NULL COMMENT 'pvp总对局',
  `pvzw` int(10) unsigned DEFAULT NULL COMMENT 'pvz胜场',
  `pvza` int(10) unsigned DEFAULT NULL COMMENT 'pvz总对局',
  `zvtw` int(10) unsigned DEFAULT NULL COMMENT 'zvt胜场',
  `zvta` int(10) unsigned DEFAULT NULL COMMENT 'zvt总对局',
  `zvpw` int(10) unsigned DEFAULT NULL COMMENT 'zvp胜场',
  `zvpa` int(10) unsigned DEFAULT NULL COMMENT 'zvp总对局',
  `zvzw` int(10) unsigned DEFAULT NULL COMMENT 'zvz胜场',
  `zvza` int(10) unsigned DEFAULT NULL COMMENT 'zvz总对局',
  `country` int(10) unsigned DEFAULT NULL COMMENT '对手国籍',
  PRIMARY KEY (`id`)
) ENGINE=InnoDB DEFAULT CHARSET=utf8 COLLATE=utf8_bin;

--
-- Dumping data for table `tb_player_score_detail`
--

/*!40000 ALTER TABLE `tb_player_score_detail` DISABLE KEYS */;
/*!40000 ALTER TABLE `tb_player_score_detail` ENABLE KEYS */;


--
-- Definition of table `tb_player_season_detail`
--

DROP TABLE IF EXISTS `tb_player_season_detail`;
CREATE TABLE `tb_player_season_detail` (
  `id` int(10) unsigned NOT NULL AUTO_INCREMENT COMMENT '主键ID',
  `season_id` int(10) unsigned NOT NULL COMMENT '赛季ID',
  `player_id` int(10) unsigned NOT NULL COMMENT '选手ID',
  `post_season_difference` int(10) unsigned DEFAULT NULL COMMENT '季后赛净胜',
  PRIMARY KEY (`id`)
) ENGINE=InnoDB DEFAULT CHARSET=utf8 COLLATE=utf8_bin;

--
-- Dumping data for table `tb_player_season_detail`
--

/*!40000 ALTER TABLE `tb_player_season_detail` DISABLE KEYS */;
/*!40000 ALTER TABLE `tb_player_season_detail` ENABLE KEYS */;


--
-- Definition of table `tb_schedule`
--

DROP TABLE IF EXISTS `tb_schedule`;
CREATE TABLE `tb_schedule` (
  `id` int(10) unsigned NOT NULL AUTO_INCREMENT COMMENT '主键ID',
  `season_id` int(10) unsigned NOT NULL COMMENT '赛季ID',
  `round` varchar(45) COLLATE utf8_bin NOT NULL COMMENT '场次',
  `sets` int(10) unsigned NOT NULL COMMENT '对局盘数',
  `format` int(10) unsigned NOT NULL COMMENT '赛制',
  `race_day` varchar(45) COLLATE utf8_bin DEFAULT '' COMMENT '比赛日期',
  `type` int(10) unsigned NOT NULL COMMENT '类型',
  `status` int(10) unsigned NOT NULL COMMENT '状态',
  PRIMARY KEY (`id`)
) ENGINE=InnoDB AUTO_INCREMENT=49 DEFAULT CHARSET=utf8 COLLATE=utf8_bin;

--
-- Dumping data for table `tb_schedule`
--

/*!40000 ALTER TABLE `tb_schedule` DISABLE KEYS */;
INSERT INTO `tb_schedule` (`id`,`season_id`,`round`,`sets`,`format`,`race_day`,`type`,`status`) VALUES 
 (1,1,0xE5B8B8E8A784E8B59B3136E8BF9B385F41E7BB84,5,3,'',1,1),
 (2,1,0xE5B8B8E8A784E8B59B3136E8BF9B385F42E7BB84,5,3,'',1,1),
 (3,1,0xE5B8B8E8A784E8B59B3136E8BF9B385F43E7BB84,5,3,'',1,1),
 (4,1,0xE5B8B8E8A784E8B59B3136E8BF9B385F44E7BB84,5,3,'',1,0),
 (5,1,0xE5B8B8E8A784E8B59B38E8BF9B345F31,1,7,'',1,0),
 (6,1,0xE5B8B8E8A784E8B59B38E8BF9B345F32,1,7,'',1,0),
 (7,1,0xE5B8B8E8A784E8B59B38E8BF9B345F33,1,7,'',1,0),
 (8,1,0xE5B8B8E8A784E8B59B38E8BF9B345F34,1,7,'',1,0),
 (9,1,0xE5B8B8E8A784E8B59B34E8BF9B325F31,1,7,'',1,0),
 (10,1,0xE5B8B8E8A784E8B59B34E8BF9B325F32,1,7,'',1,0),
 (11,1,0xE5B8B8E8A784E8B59B33E3808134E5908D,1,9,'',1,0),
 (12,1,0xE5B8B8E8A784E8B59B31E3808132E5908D,1,9,'',1,0),
 (13,1,0xE5ADA3E5908EE8B59B3136E8BF9B385F41E7BB84,5,3,'',2,0),
 (14,1,0xE5ADA3E5908EE8B59B3136E8BF9B385F42E7BB84,5,3,'',2,0),
 (15,1,0xE5ADA3E5908EE8B59B3136E8BF9B385F43E7BB84,5,3,'',2,0),
 (16,1,0xE5ADA3E5908EE8B59B3136E8BF9B385F44E7BB84,5,3,'',2,0),
 (17,1,0xE5ADA3E5908EE8B59B38E8BF9B345F31,1,7,'',2,0),
 (18,1,0xE5ADA3E5908EE8B59B38E8BF9B345F32,1,7,'',2,0),
 (19,1,0xE5ADA3E5908EE8B59B38E8BF9B345F33,1,7,'',2,0),
 (20,1,0xE5ADA3E5908EE8B59B38E8BF9B345F34,1,7,'',2,0),
 (21,1,0xE5ADA3E5908EE8B59B34E8BF9B325F31,1,7,'',2,0),
 (22,1,0xE5ADA3E5908EE8B59B34E8BF9B325F32,1,7,'',2,0),
 (23,1,0xE5ADA3E5908EE8B59B33E3808134E5908D,1,9,'',2,0),
 (24,1,0xE5ADA3E5908EE8B59B31E3808132E5908D,1,9,'',2,0),
 (25,2,0xE5B8B8E8A784E8B59B3136E8BF9B385F41E7BB84,5,3,'',1,0),
 (26,2,0xE5B8B8E8A784E8B59B3136E8BF9B385F42E7BB84,5,3,'',1,0),
 (27,2,0xE5B8B8E8A784E8B59B3136E8BF9B385F43E7BB84,5,3,'',1,0),
 (28,2,0xE5B8B8E8A784E8B59B3136E8BF9B385F44E7BB84,5,3,'',1,0),
 (29,2,0xE5B8B8E8A784E8B59B38E8BF9B345F31,1,7,'',1,0),
 (30,2,0xE5B8B8E8A784E8B59B38E8BF9B345F32,1,7,'',1,0),
 (31,2,0xE5B8B8E8A784E8B59B38E8BF9B345F33,1,7,'',1,0),
 (32,2,0xE5B8B8E8A784E8B59B38E8BF9B345F34,1,7,'',1,0),
 (33,2,0xE5B8B8E8A784E8B59B34E8BF9B325F31,1,7,'',1,0),
 (34,2,0xE5B8B8E8A784E8B59B34E8BF9B325F32,1,7,'',1,0),
 (35,2,0xE5B8B8E8A784E8B59B33E3808134E5908D,1,9,'',1,0),
 (36,2,0xE5B8B8E8A784E8B59B31E3808132E5908D,1,9,'',1,0),
 (37,2,0xE5ADA3E5908EE8B59B3136E8BF9B385F41E7BB84,5,3,'',2,0),
 (38,2,0xE5ADA3E5908EE8B59B3136E8BF9B385F42E7BB84,5,3,'',2,0),
 (39,2,0xE5ADA3E5908EE8B59B3136E8BF9B385F43E7BB84,5,3,'',2,0),
 (40,2,0xE5ADA3E5908EE8B59B3136E8BF9B385F44E7BB84,5,3,'',2,0),
 (41,2,0xE5ADA3E5908EE8B59B38E8BF9B345F31,1,7,'',2,0),
 (42,2,0xE5ADA3E5908EE8B59B38E8BF9B345F32,1,7,'',2,0),
 (43,2,0xE5ADA3E5908EE8B59B38E8BF9B345F33,1,7,'',2,0),
 (44,2,0xE5ADA3E5908EE8B59B38E8BF9B345F34,1,7,'',2,0),
 (45,2,0xE5ADA3E5908EE8B59B34E8BF9B325F31,1,7,'',2,0),
 (46,2,0xE5ADA3E5908EE8B59B34E8BF9B325F32,1,7,'',2,0),
 (47,2,0xE5ADA3E5908EE8B59B33E3808134E5908D,1,9,'',2,0),
 (48,2,0xE5ADA3E5908EE8B59B31E3808132E5908D,1,9,'',2,0);
/*!40000 ALTER TABLE `tb_schedule` ENABLE KEYS */;


--
-- Definition of table `tb_season`
--

DROP TABLE IF EXISTS `tb_season`;
CREATE TABLE `tb_season` (
  `id` int(10) unsigned NOT NULL AUTO_INCREMENT COMMENT '主键ID',
  `name` varchar(45) COLLATE utf8_bin NOT NULL COMMENT '赛季名称',
  `start_ts` varchar(45) COLLATE utf8_bin NOT NULL COMMENT '起始时间戳',
  `start_time` varchar(45) COLLATE utf8_bin NOT NULL COMMENT '起始时间',
  `status` int(10) unsigned NOT NULL COMMENT '状态',
  PRIMARY KEY (`id`)
) ENGINE=InnoDB AUTO_INCREMENT=3 DEFAULT CHARSET=utf8 COLLATE=utf8_bin;

--
-- Dumping data for table `tb_season`
--

/*!40000 ALTER TABLE `tb_season` DISABLE KEYS */;
INSERT INTO `tb_season` (`id`,`name`,`start_ts`,`start_time`,`status`) VALUES 
 (1,0x43656C6C47616D65E8B685E7BAA7E88194E8B59B3230E5B9B4E7ACACE4B880E8B59BE5ADA3,0x31353839373331323030303030,0x323032302D30352D3138,2),
 (2,0x43656C6C47616D65E8B685E7BAA7E88194E8B59B3230E5B9B4E7ACACE4BA8CE8B59BE5ADA3,0x31353936303338343030303030,0x323032302D30372D3330,1);
/*!40000 ALTER TABLE `tb_season` ENABLE KEYS */;




/*!40101 SET SQL_MODE=@OLD_SQL_MODE */;
/*!40014 SET FOREIGN_KEY_CHECKS=@OLD_FOREIGN_KEY_CHECKS */;
/*!40014 SET UNIQUE_CHECKS=@OLD_UNIQUE_CHECKS */;
/*!40101 SET CHARACTER_SET_CLIENT=@OLD_CHARACTER_SET_CLIENT */;
/*!40101 SET CHARACTER_SET_RESULTS=@OLD_CHARACTER_SET_RESULTS */;
/*!40101 SET COLLATION_CONNECTION=@OLD_COLLATION_CONNECTION */;
/*!40101 SET CHARACTER_SET_CLIENT=@OLD_CHARACTER_SET_CLIENT */;
